0,1,2,3,4,5,6,7
-0.1068894,0.2678836,0.90048194,0.15659264,0.24977626,0.6764012,-0.5965707,0.45184144
-0.08583303,0.2871747,0.9233616,0.098154634,0.20880473,0.67326045,-0.599417,0.42855057
-0.08079603,0.30129683,0.96097857,0.10587482,0.23206379,0.6739463,-0.6071342,0.42801496
-0.08583303,0.2871747,0.92336154,0.098154634,0.20880473,0.67326045,-0.599417,0.42855057
-0.10021407,0.27988172,0.91040593,0.14088747,0.23929536,0.67548406,-0.60353297,0.44637075
-0.088640645,0.29305094,0.94610703,0.119583406,0.23894237,0.6748685,-0.60430944,0.43396732
-0.08583303,0.2871747,0.92336154,0.098154634,0.20880473,0.67326045,-0.599417,0.42855057
-0.087837346,0.2546712,0.9235904,0.15224269,0.26138917,0.6645251,-0.6052247,0.4560908
-0.10060104,0.25752005,0.9140174,0.1629829,0.26646978,0.6718941,-0.5988006,0.4507816
-0.080485374,0.27694055,0.9415797,0.13615486,0.25142652,0.6705046,-0.6053094,0.44287628
-0.07310468,0.29170504,0.93147826,0.114113346,0.21821849,0.6736548,-0.60340625,0.42553735
-0.09879248,0.28237978,0.9268614,0.1373239,0.24784406,0.67606187,-0.6006539,0.44167033
-0.08967989,0.25867486,0.94204265,0.1624851,0.26719862,0.6788158,-0.5797665,0.43540886
-0.06303668,0.29562315,0.9413843,0.14035957,0.21525964,0.6898216,-0.6128932,0.40485638
-0.084570475,0.28265336,0.92616737,0.14179848,0.23829404,0.6745409,-0.6033126,0.44055346
-0.07658252,0.27508938,0.937381,0.13614564,0.24077407,0.669892,-0.60966295,0.4355574
-0.08614227,0.28470463,0.93062264,0.12460276,0.22727774,0.67345196,-0.60306853,0.439455
-0.09439335,0.28700396,0.9352011,0.12963635,0.24398665,0.67554474,-0.60223794,0.43833238
-0.092586815,0.3174065,0.9310624,0.118003875,0.2361283,0.67649645,-0.62673664,0.4323358
-0.10433685,0.27691463,0.9004547,0.1570674,0.25023144,0.676869,-0.6038466,0.44951957
-0.06303668,0.29562312,0.9413843,0.14035958,0.21525963,0.6898216,-0.61289316,0.40485638
-0.083774,0.28370386,0.91926646,0.12881647,0.22886504,0.6747976,-0.60074574,0.43302238
-0.017203826,0.3275729,0.9927651,0.10394561,0.1742497,0.696409,-0.62897307,0.36362386
-0.09439675,0.28837594,0.92659116,0.14190638,0.24949832,0.67641604,-0.60603064,0.4398868
-0.08299306,0.2974362,0.9355475,0.11138217,0.21885218,0.6730533,-0.6115837,0.43527928
-0.06303668,0.29562315,0.9413843,0.14035957,0.21525964,0.6898216,-0.6128932,0.40485638
-0.07358071,0.28857484,0.94305557,0.15686597,0.2370215,0.68271637,-0.61177254,0.4299264
-0.08583303,0.28717473,0.92336154,0.09815463,0.20880473,0.67326045,-0.599417,0.42855054
-0.07358071,0.28857484,0.94305557,0.15686597,0.2370215,0.68271637,-0.61177254,0.4299264
-0.056641705,0.33576086,1.0020492,0.11587926,0.23408617,0.6855139,-0.6340294,0.40266493
-0.083774,0.28370386,0.91926646,0.12881647,0.22886501,0.6747976,-0.60074574,0.4330224
-0.0926628,0.27941805,0.9211499,0.13465671,0.2343487,0.6743789,-0.60102636,0.44334787
-0.10739947,0.27333242,0.91054446,0.15236475,0.25539112,0.6770736,-0.59755456,0.44820118
-0.085366175,0.25657627,0.9072872,0.13607174,0.24983105,0.656977,-0.6047389,0.4534833
-0.08583303,0.2871747,0.92336154,0.098154634,0.20880473,0.67326045,-0.599417,0.42855057
-0.08614227,0.28470463,0.93062264,0.12460276,0.22727774,0.6734519,-0.60306853,0.439455
-0.07701354,0.29210585,0.94388455,0.1105272,0.21737838,0.6721543,-0.6059276,0.43400496
-0.07076638,0.27241793,0.9329446,0.11251514,0.22737424,0.6676389,-0.609258,0.42086798
-0.054989368,0.2696275,0.9467749,0.13943335,0.22607261,0.6727746,-0.6188422,0.42189243
-0.09797726,0.2637378,0.8916113,0.17899266,0.26409382,0.67429906,-0.5935795,0.44554713
-0.084570475,0.28265336,0.9261674,0.14179848,0.23829404,0.6745409,-0.6033126,0.44055346
-0.08430856,0.2675311,0.9326454,0.13711084,0.23447512,0.67310137,-0.5898399,0.44256878
-0.088640645,0.29305094,0.946107,0.119583406,0.23894237,0.67486846,-0.60430944,0.43396732
-0.08614227,0.28470463,0.93062276,0.12460276,0.22727774,0.67345196,-0.60306853,0.439455
-0.054989368,0.2696275,0.9467748,0.13943337,0.22607261,0.6727746,-0.6188422,0.4218925
-0.08041205,0.27779004,0.9314524,0.14336036,0.23863003,0.674005,-0.59868175,0.4400199
-0.06303668,0.29562315,0.9413843,0.14035957,0.21525964,0.6898216,-0.6128932,0.40485638
-0.07701355,0.25695324,0.9144548,0.14635389,0.24808359,0.66134095,-0.6069777,0.4536997
-0.08614227,0.28470463,0.93062276,0.12460276,0.22727774,0.67345196,-0.60306853,0.439455
-0.07368346,0.29997882,0.94061965,0.12224891,0.2250752,0.67336637,-0.6135618,0.4324586
-0.084426306,0.29922333,0.94319874,0.12775327,0.24222463,0.67547625,-0.6106326,0.43273526
-0.08583303,0.28717473,0.92336154,0.09815464,0.20880473,0.67326045,-0.599417,0.42855054
-0.088640645,0.29305094,0.946107,0.119583406,0.23894237,0.6748685,-0.60430944,0.4339673
-0.078491315,0.27002552,0.9120719,0.14702895,0.25187975,0.6642852,-0.60045606,0.44368225
-0.0655509,0.3131204,0.94596404,0.15034796,0.23403533,0.6825465,-0.6300017,0.42334038
-0.08614227,0.28470463,0.93062264,0.12460276,0.22727774,0.67345196,-0.60306853,0.439455
-0.08834893,0.2779271,0.9173088,0.15743412,0.24875185,0.67573416,-0.6020051,0.4438277
-0.084570475,0.28265336,0.92616737,0.14179848,0.23829404,0.6745409,-0.6033126,0.44055346
-0.04472027,0.29515615,0.93614405,0.14009005,0.24639337,0.6629051,-0.6002996,0.40843168
-0.091394335,0.2449444,0.9171757,0.15215321,0.26299605,0.65996796,-0.60792226,0.46281284
-0.08441423,0.2468156,0.92250645,0.14663085,0.2517625,0.66253346,-0.6011986,0.45881766
-0.07990917,0.29182088,0.9424024,0.14283009,0.24981512,0.67569345,-0.60613006,0.43399107
-0.088640645,0.29305094,0.946107,0.119583406,0.23894237,0.6748685,-0.60430944,0.43396732
-0.08765804,0.27726594,0.9329885,0.14268903,0.25194818,0.67144215,-0.6050013,0.4429947
-0.057038393,0.29013544,0.95255566,0.15694852,0.2474404,0.67753166,-0.6054728,0.42171812
-0.1042916,0.28232962,0.9168722,0.14221996,0.2500244,0.6767488,-0.60284036,0.44449145
-0.07249684,0.31938183,0.9163978,0.113549575,0.2187873,0.67525697,-0.58329093,0.40646014
-0.08412834,0.28824356,0.9539346,0.11955436,0.23938839,0.6742706,-0.5989898,0.4327961
-0.1098733,0.25685194,0.8958511,0.16827144,0.25725168,0.67678386,-0.5892655,0.45556533
-0.05695064,0.3002538,0.96555346,0.1459761,0.22566345,0.6835095,-0.6183437,0.41941816
-0.05498937,0.2696275,0.9467748,0.13943335,0.22607261,0.6727746,-0.6188422,0.42189243
-0.08085709,0.2517241,0.9213581,0.17034021,0.26243368,0.6679528,-0.6079688,0.4551778
-0.08614227,0.28470463,0.93062264,0.12460276,0.22727774,0.67345196,-0.60306853,0.439455
-0.08079603,0.30129683,0.96097857,0.105874844,0.23206379,0.6739463,-0.6071342,0.42801502
-0.08547311,0.2594286,0.91076434,0.14816886,0.24788739,0.6658083,-0.58521295,0.44200957
-0.088640645,0.29305094,0.946107,0.119583406,0.23894237,0.6748685,-0.60430944,0.4339673
-0.0926628,0.27941805,0.92114985,0.13465671,0.2343487,0.6743789,-0.60102636,0.44334787
-0.08020686,0.2737156,0.9291399,0.14136122,0.24090923,0.6691033,-0.6061423,0.4447109
-0.08589219,0.28115582,0.9188396,0.14920892,0.2461336,0.6717348,-0.61178255,0.4450601
-0.09879248,0.28237978,0.9268614,0.1373239,0.24784406,0.67606187,-0.6006539,0.44167033
-0.054989368,0.2696275,0.9467749,0.13943335,0.22607261,0.6727746,-0.6188422,0.42189243
-0.09979654,0.26359633,0.90330666,0.16996463,0.26097235,0.67520434,-0.60028714,0.44970942
-0.08955745,0.29286793,0.9227702,0.14229819,0.23530522,0.68075526,-0.6000787,0.43580204
-0.08583303,0.2871747,0.92336154,0.098154634,0.20880473,0.67326045,-0.599417,0.42855057
-0.08583303,0.2871747,0.9233616,0.098154634,0.20880471,0.67326045,-0.5994169,0.42855057
-0.08041205,0.27779004,0.9314524,0.14336036,0.23863003,0.674005,-0.59868175,0.4400199
-0.07265049,0.25123858,0.9315718,0.15777265,0.25467947,0.66253406,-0.60236067,0.45246324
-0.077653125,0.29395124,0.9281093,0.12968573,0.23445204,0.659833,-0.60291636,0.41545865
-0.08583303,0.2871747,0.92336154,0.09815463,0.20880473,0.67326045,-0.599417,0.42855057
-0.08583303,0.2871747,0.9233616,0.098154634,0.20880473,0.67326045,-0.599417,0.42855057
-0.017203826,0.3275729,0.9927651,0.10394561,0.1742497,0.696409,-0.62897307,0.36362386
-0.0674012,0.2953642,0.9486599,0.12245954,0.22430111,0.6725775,-0.60859966,0.4310437
-0.09109103,0.26469788,0.9228837,0.14537795,0.24051788,0.67407835,-0.58968747,0.44601682
-0.10840059,0.26043054,0.9044423,0.16876699,0.26749015,0.6762104,-0.59547114,0.45105585
-0.089133404,0.26889566,0.9163046,0.16162601,0.255705,0.6736257,-0.60412514,0.44404405
-0.09600449,0.28417283,0.91655165,0.13367507,0.23429814,0.67488986,-0.60550094,0.44365948
-0.062374942,0.32023844,0.92439926,0.1263729,0.22626142,0.67541224,-0.5884939,0.40595728
-0.064315096,0.2811762,0.95361835,0.12307121,0.23277399,0.66765904,-0.6143051,0.4286357
-0.088640645,0.29305097,0.946107,0.119583406,0.23894237,0.6748685,-0.60430944,0.43396732
-0.07730655,0.28803104,0.93568337,0.13361663,0.23237395,0.67371017,-0.60554945,0.4365301
-0.06303668,0.29562315,0.9413843,0.14035957,0.21525964,0.6898216,-0.6128932,0.40485638
-0.081378154,0.27036875,0.90815413,0.16946937,0.25990602,0.67040235,-0.5939955,0.44116086
-0.06492977,0.28080425,0.95441544,0.16148272,0.23745039,0.6828004,-0.60472596,0.42766437
-0.06303668,0.29562315,0.9413842,0.14035957,0.21525964,0.68982154,-0.6128932,0.40485638
-0.08644548,0.26717007,0.92327833,0.13380769,0.23969097,0.66461337,-0.6105699,0.4511199
-0.048599947,0.3333646,0.95761806,0.10794219,0.18908483,0.6928178,-0.63876617,0.38472354
-0.08583303,0.2871747,0.92336154,0.098154634,0.20880471,0.67326045,-0.599417,0.42855057
-0.079869404,0.26626572,0.927512,0.15995835,0.2543701,0.67222255,-0.60190403,0.44075736
-0.05833032,0.27935916,0.94087803,0.12867363,0.23564354,0.6687853,-0.6125158,0.41843843
-0.058045663,0.30382127,0.92888373,0.12713923,0.23115925,0.6674238,-0.5939569,0.41514957
-0.100844204,0.28395948,0.92102796,0.16240941,0.259197,0.68223524,-0.6074081,0.44033563
-0.07051037,0.2988671,0.9511047,0.12160484,0.22685352,0.677674,-0.6100198,0.41883105
-0.08314809,0.2838228,0.9109501,0.14252087,0.24421908,0.66790456,-0.60466516,0.43721417
-0.077306546,0.28803104,0.9356835,0.13361663,0.23237395,0.6737102,-0.60554945,0.4365301
-0.09879248,0.28237978,0.92686135,0.1373239,0.24784406,0.67606187,-0.6006539,0.44167033
-0.07076639,0.27241793,0.93294466,0.112515144,0.22737424,0.6676389,-0.609258,0.42086798
-0.08614227,0.28470466,0.93062264,0.12460276,0.22727774,0.6734519,-0.60306853,0.43945494
-0.0723273,0.28454816,0.9630134,0.1459952,0.2538408,0.6748958,-0.6157946,0.4313205
-0.08614227,0.28470463,0.93062276,0.12460276,0.22727774,0.67345196,-0.60306853,0.439455
-0.084570475,0.28265336,0.92616737,0.14179848,0.23829404,0.6745409,-0.6033126,0.4405534
-0.07694697,0.27495202,0.9311593,0.15209615,0.24968517,0.6718216,-0.6085114,0.43756947
-0.08629658,0.25940058,0.90484875,0.17335637,0.26345304,0.67142963,-0.59894484,0.45327997
-0.08597626,0.24063674,0.90610206,0.1626554,0.26528877,0.65780896,-0.6018947,0.4611404
-0.088640645,0.29305094,0.946107,0.119583406,0.23894237,0.6748685,-0.60430944,0.43396732
-0.08436429,0.2861664,0.9116011,0.12550575,0.23468404,0.6651565,-0.6047592,0.4352809
-0.097553186,0.2754531,0.9140453,0.14219719,0.23965193,0.67507404,-0.5994947,0.44626752
-0.08614227,0.28470463,0.93062264,0.12460276,0.22727774,0.67345196,-0.60306853,0.439455
-0.08041205,0.27779004,0.93145245,0.14336038,0.23863003,0.674005,-0.59868175,0.44001994
-0.08412834,0.28824356,0.9539345,0.11955436,0.23938839,0.6742706,-0.5989898,0.4327961
-0.088640645,0.29305094,0.946107,0.119583406,0.23894237,0.6748685,-0.60430944,0.43396732
-0.03881204,0.29180664,0.93938315,0.15101394,0.24190262,0.66442704,-0.6019904,0.40852052
-0.09891968,0.2677592,0.91183376,0.14971672,0.24437587,0.6752365,-0.59419507,0.4485687
-0.06303668,0.29562315,0.9413842,0.14035957,0.21525964,0.68982154,-0.6128932,0.40485638
-0.08041205,0.27779004,0.9314524,0.14336038,0.23863003,0.674005,-0.59868175,0.44001994
-0.06303668,0.29562312,0.9413843,0.14035958,0.21525964,0.68982154,-0.6128932,0.40485638
-0.063350424,0.29251215,0.9483913,0.16535768,0.2426722,0.6821257,-0.61412734,0.4270769
-0.08614227,0.28470463,0.93062264,0.12460276,0.22727774,0.67345196,-0.60306853,0.439455
-0.09186563,0.28352654,0.902503,0.14709479,0.24724586,0.67002743,-0.60642606,0.44109142
-0.10292904,0.30107662,0.92709774,0.12864499,0.24088351,0.68184495,-0.6035418,0.43439567
-0.06037195,0.27801764,0.9166314,0.16388682,0.22276905,0.65624565,-0.5984116,0.3993412
-0.08614227,0.28470463,0.93062264,0.12460276,0.22727774,0.67345196,-0.60306853,0.439455
-0.06303668,0.29562315,0.9413842,0.14035957,0.21525964,0.68982154,-0.6128932,0.40485638
-0.08843949,0.25769886,0.9285535,0.14167526,0.2565009,0.6646571,-0.604892,0.4544047
-0.059114262,0.29273695,0.98494667,0.13510959,0.24874441,0.6737749,-0.62179935,0.42345726
-0.088640645,0.29305094,0.946107,0.119583406,0.23894235,0.6748685,-0.60430944,0.43396732
-0.080257595,0.29554358,0.94970024,0.12831195,0.24284138,0.67500716,-0.6065245,0.4316433
-0.08299306,0.2974362,0.9355476,0.11138217,0.21885218,0.6730533,-0.6115837,0.43527925
-0.08583303,0.2871747,0.92336166,0.098154634,0.20880471,0.67326045,-0.599417,0.42855057
-0.08583303,0.2871747,0.92336154,0.09815463,0.20880471,0.67326045,-0.599417,0.42855057
-0.017203826,0.3275729,0.9927651,0.10394561,0.1742497,0.696409,-0.62897307,0.36362386
-0.06303668,0.29562315,0.9413842,0.14035957,0.21525964,0.68982154,-0.6128932,0.40485638
-0.08583303,0.2871747,0.9233616,0.09815463,0.20880473,0.67326045,-0.599417,0.42855057
-0.08669864,0.28956294,0.9390269,0.13664553,0.24708302,0.6756238,-0.6043056,0.43602607
-0.0926628,0.27941805,0.9211499,0.13465671,0.2343487,0.6743789,-0.60102636,0.44334784
-0.08583303,0.2871747,0.92336154,0.098154634,0.20880473,0.67326045,-0.599417,0.42855057
-0.084570475,0.28265336,0.9261674,0.14179848,0.23829404,0.6745409,-0.6033126,0.44055346
-0.08457046,0.28265336,0.92616737,0.14179848,0.23829404,0.6745409,-0.6033126,0.4405534
-0.042742796,0.28548595,0.9698906,0.15537979,0.2392567,0.67210186,-0.62359047,0.42715904
-0.07310468,0.29170504,0.93147826,0.114113346,0.21821848,0.6736548,-0.60340625,0.42553732
-0.08583303,0.2871747,0.92336154,0.098154634,0.20880473,0.67326045,-0.599417,0.42855057
-0.07730655,0.28803104,0.9356835,0.13361663,0.23237395,0.6737102,-0.60554945,0.4365301
-0.088806994,0.27393177,0.9264555,0.1357894,0.23440708,0.67378926,-0.5958634,0.44298828
-0.08198382,0.29251024,0.9297187,0.13263914,0.23246083,0.6743055,-0.6100206,0.437351
-0.08972641,0.23698942,0.91276014,0.15760933,0.26067567,0.6598547,-0.60253495,0.46531346
-0.08583303,0.2871747,0.92336154,0.09815464,0.20880471,0.67326045,-0.599417,0.42855057
-0.082959324,0.2854845,0.9448169,0.13775975,0.24798255,0.67519575,-0.6000497,0.4352263
-0.06443062,0.27623895,0.91964227,0.16563673,0.25663835,0.665438,-0.6082046,0.43276745
-0.08583303,0.2871747,0.9233616,0.09815463,0.20880473,0.67326045,-0.599417,0.42855057
-0.08430856,0.2675311,0.9326454,0.13711084,0.23447514,0.67310137,-0.5898399,0.44256878
-0.10021407,0.27988172,0.91040593,0.14088747,0.23929536,0.67548406,-0.60353297,0.44637075
-0.08616644,0.2578327,0.9222346,0.14075877,0.24667983,0.6656751,-0.6035359,0.45487946
-0.1018647,0.28847218,0.9067051,0.15816237,0.25685093,0.67797667,-0.6111513,0.4450438
-0.08412834,0.28824356,0.9539346,0.11955436,0.23938839,0.6742706,-0.5989898,0.4327961
-0.05695064,0.3002538,0.96555346,0.1459761,0.22566345,0.6835095,-0.6183437,0.41941816
-0.088640645,0.29305097,0.946107,0.119583406,0.23894237,0.6748685,-0.60430944,0.4339673
-0.0926628,0.27941805,0.92114985,0.13465671,0.2343487,0.6743789,-0.60102636,0.44334787
-0.054989368,0.2696275,0.9467749,0.13943335,0.22607261,0.6727746,-0.6188422,0.42189243
-0.06303668,0.29562312,0.9413843,0.14035958,0.21525964,0.68982154,-0.6128932,0.40485638
-0.07730655,0.28803104,0.93568337,0.13361661,0.23237395,0.6737102,-0.60554945,0.43653008
-0.07701354,0.29210585,0.94388455,0.110527195,0.21737838,0.6721543,-0.6059276,0.43400496
-0.0911903,0.24331187,0.91193825,0.15462224,0.25805083,0.66166574,-0.60410434,0.46325234
-0.07261627,0.27639303,0.92955,0.14914271,0.25167638,0.6573491,-0.6014072,0.41567716
-0.08412834,0.28824356,0.9539346,0.11955436,0.23938839,0.6742706,-0.5989898,0.4327961
-0.07658252,0.27508938,0.937381,0.13614564,0.24077407,0.669892,-0.60966295,0.4355574
-0.06431509,0.28117624,0.95361835,0.12307122,0.23277396,0.66765904,-0.6143051,0.4286357
-0.07745021,0.25657493,0.91393244,0.14303477,0.25212467,0.65893376,-0.5977349,0.4487473
-0.0926628,0.27941805,0.92114985,0.13465671,0.23434868,0.6743789,-0.60102636,0.44334787
-0.08198381,0.29251024,0.9297186,0.13263914,0.23246083,0.6743055,-0.6100206,0.43735096
-0.08944917,0.2882312,0.91609514,0.14992924,0.24443343,0.67594457,-0.6099423,0.44195944
-0.09299271,0.2483508,0.9194538,0.15321669,0.2623005,0.6645605,-0.6008827,0.4589859
-0.09879248,0.2823798,0.92686135,0.1373239,0.24784406,0.67606187,-0.6006539,0.4416703
-0.08583303,0.2871747,0.92336154,0.098154634,0.20880473,0.67326045,-0.599417,0.42855057
-0.06303668,0.29562315,0.9413842,0.14035957,0.21525964,0.68982154,-0.6128932,0.40485638
-0.09439335,0.28700396,0.9352011,0.12963635,0.24398665,0.67554474,-0.60223794,0.43833238
-0.08583303,0.2871747,0.92336154,0.098154634,0.20880471,0.67326045,-0.599417,0.42855057
-0.10847289,0.27689552,0.90335125,0.15886526,0.25806007,0.67777854,-0.6023487,0.4490975
-0.08583303,0.2871747,0.9233616,0.098154634,0.20880473,0.67326045,-0.599417,0.42855057
-0.102442525,0.29174858,0.90133244,0.1445301,0.2528828,0.6712418,-0.6287634,0.45095587
-0.07701354,0.29210585,0.94388455,0.110527195,0.21737838,0.6721543,-0.6059276,0.43400496
-0.09250833,0.2971716,0.9393977,0.1196083,0.23856007,0.67538106,-0.60886914,0.43497124
-0.09502362,0.2792795,0.91155183,0.11751981,0.22239868,0.6745964,-0.59728825,0.4361815
-0.10099325,0.2704951,0.9046528,0.16029657,0.25167853,0.6764189,-0.59825546,0.44964972
-0.08129589,0.27098963,0.92049575,0.17384611,0.25841716,0.675999,-0.59706444,0.44375804
-0.090069704,0.3272213,0.9003425,0.115145154,0.22248803,0.67695373,-0.60450447,0.41685072
-0.054989368,0.2696275,0.9467749,0.13943335,0.22607261,0.6727746,-0.6188422,0.42189243
-0.07701354,0.29210585,0.9438847,0.110527195,0.21737838,0.6721543,-0.6059276,0.43400493
-0.08583303,0.2871747,0.92336154,0.09815463,0.20880471,0.67326045,-0.599417,0.42855057
-0.08246653,0.2807445,0.9410682,0.1365371,0.24902739,0.67044234,-0.6069104,0.4402053
-0.08583303,0.2871747,0.92336154,0.09815464,0.20880473,0.67326045,-0.599417,0.42855057
-0.07808475,0.29903805,0.9619419,0.14711449,0.25121114,0.6836314,-0.61251533,0.4237453
-0.05695064,0.3002538,0.96555346,0.1459761,0.22566345,0.6835095,-0.6183437,0.41941816
-0.09439335,0.28700396,0.9352011,0.12963635,0.24398665,0.67554474,-0.60223794,0.43833238
-0.087726265,0.26658583,0.91720426,0.119090945,0.22764765,0.6666822,-0.6019518,0.44262618
-0.09170833,0.28491133,0.93072534,0.14312719,0.2503821,0.67610335,-0.60257983,0.43943486
-0.09331271,0.27154237,0.928178,0.16328414,0.26193506,0.6766763,-0.6062577,0.44380918
-0.07701354,0.29210585,0.94388455,0.110527195,0.21737838,0.6721543,-0.6059276,0.43400496
-0.08583303,0.2871747,0.92336154,0.09815463,0.20880473,0.67326045,-0.599417,0.42855057
-0.017203826,0.3275729,0.9927651,0.10394561,0.1742497,0.696409,-0.62897307,0.36362386
-0.08099263,0.27870145,0.9377541,0.12502737,0.22670388,0.67267084,-0.5971525,0.43867615
-0.083774,0.2837039,0.91926646,0.12881647,0.22886504,0.6747976,-0.60074574,0.43302238
-0.08321634,0.27414212,0.9476585,0.1405371,0.25749165,0.6721935,-0.60268414,0.43420264
-0.08321634,0.27414212,0.9476585,0.1405371,0.25749165,0.6721935,-0.60268414,0.43420267
-0.08583303,0.2871747,0.92336154,0.098154634,0.20880473,0.67326045,-0.599417,0.42855057
-0.047150157,0.27306992,0.93842494,0.16736926,0.2591847,0.6595079,-0.62261975,0.43355826
-0.088640645,0.29305094,0.946107,0.119583406,0.23894235,0.6748685,-0.60430944,0.43396732
-0.097553186,0.2754531,0.91404533,0.14219719,0.23965193,0.67507404,-0.5994947,0.44626752
-0.09891969,0.26775923,0.91183376,0.14971672,0.24437587,0.6752365,-0.59419507,0.4485687
-0.05893247,0.2786155,0.9506947,0.16257991,0.24607812,0.673527,-0.61726004,0.43434924
-0.07310467,0.29170504,0.9314784,0.114113346,0.21821849,0.6736548,-0.6034063,0.42553735
-0.06303668,0.29562315,0.9413843,0.14035958,0.21525964,0.6898216,-0.6128932,0.40485638
-0.10418011,0.2757661,0.9079654,0.15064886,0.24214078,0.6807175,-0.5907956,0.4449122
-0.06394709,0.305397,0.96642995,0.12678379,0.24151991,0.6743869,-0.6114706,0.42392522
-0.08173203,0.26492646,0.9089386,0.15142237,0.25351956,0.6619933,-0.60250515,0.4465012
-0.07310467,0.29170507,0.93147826,0.114113346,0.21821849,0.6736548,-0.60340625,0.42553738
-0.08216523,0.24218455,0.9204913,0.15609133,0.25885412,0.66017336,-0.6040271,0.46134168
-0.08010198,0.294546,0.9261474,0.10880061,0.21858038,0.6809888,-0.6027031,0.40650055
-0.03881204,0.29180664,0.93938315,0.15101394,0.24190262,0.66442704,-0.6019904,0.40852052
-0.07310468,0.29170504,0.93147826,0.114113346,0.21821849,0.6736548,-0.60340625,0.42553735
-0.054989368,0.2696275,0.9467749,0.13943335,0.22607261,0.6727746,-0.6188422,0.42189243
-0.08689528,0.23939633,0.9123018,0.16357507,0.2664108,0.6592178,-0.60941446,0.46339628
-0.078379266,0.26935166,0.9324879,0.16137975,0.24723999,0.67432237,-0.6110072,0.44248506
-0.08583303,0.2871747,0.92336154,0.09815464,0.20880473,0.6732604,-0.599417,0.42855057
-0.09571609,0.28119,0.924084,0.14831252,0.25302133,0.6764871,-0.60119915,0.4421619
-0.08585003,0.27870187,0.9351044,0.15168579,0.2604741,0.67395586,-0.606818,0.43691167
-0.08870363,0.28103906,0.9353459,0.1444916,0.25136983,0.67575395,-0.598723,0.43892968
-0.09293082,0.29636034,0.92937684,0.13478845,0.24558383,0.6763371,-0.61139894,0.43735898
-0.08614227,0.28470463,0.93062264,0.12460276,0.22727774,0.6734519,-0.60306853,0.439455
-0.08614227,0.28470463,0.93062264,0.12460276,0.22727774,0.67345196,-0.60306853,0.439455
-0.097553186,0.2754531,0.9140453,0.14219719,0.23965193,0.67507404,-0.5994947,0.44626752
-0.088640645,0.29305094,0.946107,0.119583406,0.23894237,0.6748685,-0.60430944,0.43396732
-0.08079603,0.30129683,0.9609787,0.10587482,0.23206379,0.6739463,-0.6071342,0.42801502
-0.08614227,0.28470463,0.93062264,0.12460276,0.22727774,0.67345196,-0.60306853,0.439455
-0.09250833,0.29717156,0.9393977,0.1196083,0.23856007,0.67538106,-0.60886914,0.43497127
-0.09113882,0.28067097,0.9048458,0.13543071,0.24069698,0.66726846,-0.6024755,0.43977007
-0.054283712,0.31365904,0.9874672,0.14699632,0.2502323,0.6836937,-0.6203253,0.41171932
-0.084570475,0.28265336,0.9261674,0.14179847,0.23829404,0.6745409,-0.6033126,0.4405534
-0.0926628,0.27941805,0.9211499,0.13465671,0.2343487,0.6743788,-0.60102636,0.44334784
-0.10552961,0.24767952,0.89801145,0.16528459,0.26696038,0.6662592,-0.60416186,0.46438113
-0.07701354,0.29210585,0.94388455,0.110527195,0.21737838,0.6721543,-0.6059276,0.43400496
-0.09850632,0.29884025,0.9212587,0.14419822,0.2507638,0.6774419,-0.62733406,0.43989155
-0.08583303,0.2871747,0.92336154,0.09815463,0.20880473,0.67326045,-0.599417,0.42855057
-0.08583303,0.2871747,0.92336154,0.09815463,0.20880471,0.67326045,-0.599417,0.42855057
-0.08351741,0.26434016,0.9298321,0.13571887,0.23767352,0.66762847,-0.59962934,0.44756576
-0.06964085,0.29666778,0.94027764,0.13244064,0.2379729,0.6708191,-0.62502974,0.42959976
-0.07076639,0.27241793,0.93294466,0.112515144,0.22737424,0.6676389,-0.609258,0.42086798
-0.084311254,0.25865132,0.9346716,0.13659857,0.2545701,0.6632016,-0.60642713,0.4532332
-0.08765804,0.27726594,0.93298864,0.14268903,0.25194815,0.67144215,-0.6050013,0.4429947
-0.11758972,0.27124894,0.87625295,0.16698442,0.26007566,0.6727299,-0.6109409,0.45697728
-0.054989368,0.2696275,0.9467748,0.13943337,0.22607261,0.6727746,-0.6188422,0.4218925
-0.07972524,0.28283566,0.94454324,0.14591314,0.2583007,0.67315793,-0.609224,0.4329392
-0.07694697,0.274952,0.9311593,0.15209614,0.24968517,0.67182165,-0.6085114,0.43756947
-0.07566534,0.28938034,0.9181251,0.13445015,0.23921053,0.6660529,-0.6071101,0.4326771
-0.07829691,0.2742443,0.9299222,0.17796668,0.25386384,0.68145955,-0.6021709,0.437659
-0.096714295,0.27622896,0.9005717,0.15615802,0.25638983,0.6663158,-0.6135408,0.44631264
-0.08479337,0.24946119,0.9200398,0.14334284,0.25306168,0.66145575,-0.60752565,0.46106285
-0.08042201,0.26133844,0.9259435,0.14580998,0.24902228,0.6662318,-0.6051251,0.4522071
-0.07701353,0.29210582,0.9438847,0.110527195,0.21737838,0.67215425,-0.6059276,0.43400496
-0.06996194,0.26752436,0.9459016,0.137767,0.24149247,0.6686768,-0.6038147,0.43431085
-0.06303668,0.29562315,0.9413843,0.14035957,0.21525964,0.6898216,-0.6128932,0.40485638
-0.08258181,0.28152126,0.9032659,0.17968352,0.26017553,0.677763,-0.59455264,0.43101025
-0.0947608,0.26977098,0.91966766,0.17261524,0.2660692,0.6772757,-0.60439974,0.44604588
-0.105863005,0.32855427,0.9238614,0.10863202,0.22936767,0.68240607,-0.62470764,0.42941362
-0.08531201,0.28606287,0.90561146,0.1383336,0.23973724,0.67032945,-0.5895213,0.4308596
-0.087726265,0.26658583,0.91720426,0.119090945,0.22764765,0.6666822,-0.6019517,0.44262612
-0.07770974,0.2888552,0.91166484,0.14523025,0.24332333,0.67076147,-0.59257454,0.4288977
-0.07730655,0.28803104,0.93568337,0.13361663,0.23237395,0.6737102,-0.60554945,0.43653008
-0.06303668,0.29562315,0.9413843,0.14035957,0.21525964,0.6898216,-0.6128932,0.40485638
-0.054841194,0.27036378,0.92821765,0.17227243,0.261113,0.6693466,-0.59356034,0.42897516
-0.05893246,0.2786155,0.9506946,0.16257992,0.2460781,0.673527,-0.61726004,0.43434927
-0.08003393,0.2538902,0.92339116,0.15754902,0.25977027,0.66532886,-0.60712,0.45215353
-0.084570475,0.28265336,0.92616737,0.14179848,0.23829404,0.6745409,-0.6033126,0.44055346
-0.09297097,0.28817335,0.9199839,0.13035874,0.24991171,0.66890836,-0.60359055,0.43499312
-0.06303668,0.29562315,0.9413843,0.14035957,0.21525964,0.6898216,-0.6128932,0.40485638
-0.08583303,0.2871747,0.92336154,0.09815464,0.20880471,0.67326045,-0.599417,0.42855057
-0.08410115,0.23894598,0.9181072,0.14899687,0.25856414,0.6568368,-0.60903114,0.46608153
-0.08412834,0.28824356,0.9539345,0.11955436,0.23938839,0.67427045,-0.5989898,0.4327961
-0.088830836,0.26641852,0.9203182,0.15688443,0.24790166,0.6749286,-0.59226424,0.44582808
-0.10226547,0.27872908,0.92027736,0.14339301,0.2508894,0.6764701,-0.59940326,0.44430557
-0.07730655,0.28803104,0.93568337,0.13361661,0.23237395,0.6737102,-0.60554945,0.43653008
-0.08583303,0.2871747,0.92336154,0.09815464,0.20880471,0.67326045,-0.599417,0.42855057
-0.07972524,0.28283566,0.94454324,0.14591314,0.2583007,0.67315793,-0.609224,0.4329392
-0.08955097,0.26225996,0.92164224,0.14312659,0.24256113,0.6691675,-0.5982723,0.44995818
-0.08614227,0.28470463,0.93062276,0.12460276,0.22727774,0.67345196,-0.60306853,0.439455
-0.08492736,0.266486,0.9262565,0.13435332,0.24082689,0.66877544,-0.6025655,0.45013914
-0.059114262,0.29273695,0.98494667,0.13510959,0.24874441,0.6737749,-0.62179935,0.42345726
-0.08669864,0.28956294,0.93902683,0.13664553,0.24708302,0.6756238,-0.6043056,0.43602604
-0.09453751,0.270434,0.9181699,0.14368154,0.24005605,0.67460936,-0.594918,0.4461505
-0.07730655,0.28803104,0.93568337,0.13361661,0.23237395,0.6737102,-0.60554945,0.43653008
-0.07487996,0.29385996,0.9210588,0.111610785,0.22626595,0.6621998,-0.6079564,0.4289961
-0.09374963,0.2849675,0.8959587,0.14610708,0.23566785,0.66471815,-0.605948,0.4321669
-0.09439335,0.28700396,0.9352011,0.12963635,0.24398665,0.67554474,-0.60223794,0.43833238
-0.08492736,0.26648596,0.9262565,0.13435332,0.24082689,0.66877544,-0.6025655,0.45013914
-0.08400641,0.27187428,0.90595716,0.1809576,0.26284364,0.6746207,-0.6017371,0.43819255
-0.017203826,0.3275729,0.9927651,0.10394561,0.1742497,0.696409,-0.62897307,0.36362386
-0.09170833,0.2849113,0.93072534,0.14312717,0.2503821,0.67610335,-0.60257983,0.43943483
-0.088839754,0.23511802,0.9126105,0.16370219,0.2660888,0.66050655,-0.60340005,0.4633543
-0.105195664,0.26113942,0.90051824,0.15879206,0.25315055,0.67312986,-0.5980275,0.45523983
-0.05893247,0.2786155,0.9506946,0.16257992,0.2460781,0.673527,-0.61726004,0.43434924
-0.07730655,0.28803104,0.9356835,0.13361661,0.23237395,0.6737102,-0.60554945,0.43653008
-0.07701354,0.29210585,0.94388455,0.110527195,0.21737838,0.6721543,-0.6059276,0.43400493
-0.09655064,0.24717829,0.90177816,0.15647325,0.2612971,0.6572819,-0.6078269,0.45862278
-0.0926628,0.27941805,0.9211499,0.13465671,0.2343487,0.6743789,-0.60102636,0.44334787
-0.017203826,0.3275729,0.9927651,0.10394561,0.1742497,0.696409,-0.62897307,0.36362386
-0.097553186,0.2754531,0.9140453,0.14219719,0.23965192,0.67507404,-0.5994947,0.44626752
-0.04242822,0.3030329,0.95196503,0.1494515,0.227147,0.7076988,-0.63931537,0.40861225
-0.07701354,0.29210585,0.94388455,0.1105272,0.21737838,0.6721543,-0.6059276,0.43400496
-0.09439335,0.28700396,0.9352011,0.12963635,0.24398665,0.6755447,-0.60223794,0.43833235
-0.08509146,0.26009843,0.9203407,0.15028001,0.2515452,0.6674781,-0.6036386,0.4535251
-0.07658252,0.27508938,0.937381,0.13614564,0.2407741,0.669892,-0.60966295,0.4355574
-0.08583303,0.2871747,0.9233616,0.098154634,0.20880471,0.67326045,-0.5994169,0.42855057
-0.059114262,0.29273695,0.98494667,0.13510959,0.24874441,0.6737749,-0.62179935,0.42345726
-0.08198382,0.29251024,0.9297186,0.13263914,0.23246083,0.6743055,-0.6100206,0.437351
-0.08430856,0.2675311,0.9326454,0.13711084,0.23447514,0.67310137,-0.5898399,0.44256875
-0.08596206,0.3054171,0.95191175,0.10704627,0.23219098,0.67462116,-0.61221844,0.42968228
-0.06303668,0.29562315,0.9413842,0.14035957,0.21525964,0.68982154,-0.6128932,0.40485638
-0.017203826,0.3275729,0.9927651,0.10394561,0.1742497,0.696409,-0.62897307,0.36362386
-0.077140205,0.30715021,0.95533496,0.11741062,0.23690926,0.6747895,-0.61399555,0.42750913
-0.05695064,0.3002538,0.96555346,0.1459761,0.22566345,0.6835095,-0.6183437,0.41941816
-0.088640645,0.29305094,0.946107,0.119583406,0.23894237,0.6748685,-0.60430944,0.43396732
-0.09891968,0.26775923,0.91183376,0.14971672,0.2443759,0.6752365,-0.59419507,0.4485687
-0.08583303,0.2871747,0.9233616,0.09815463,0.20880473,0.67326045,-0.599417,0.42855057
-0.1081845,0.3196572,0.89761615,0.13839895,0.23530585,0.6823802,-0.63995886,0.4389744
-0.08669864,0.28956294,0.93902683,0.13664551,0.24708302,0.6756238,-0.6043056,0.43602604
-0.079909176,0.29182085,0.9424024,0.14283006,0.24981512,0.6756935,-0.60613006,0.43399107
-0.097553186,0.2754531,0.91404533,0.14219719,0.23965193,0.67507404,-0.5994947,0.44626752
-0.088640645,0.29305094,0.946107,0.119583406,0.23894235,0.6748685,-0.60430944,0.43396732
-0.08880699,0.27393177,0.92645556,0.1357894,0.23440705,0.67378926,-0.59586334,0.44298828
-0.07748969,0.28548425,0.9305577,0.1480475,0.24174619,0.67468274,-0.6053131,0.4381083
-0.083774,0.2837039,0.91926646,0.12881647,0.22886504,0.6747976,-0.60074574,0.43302238
-0.054989368,0.2696275,0.9467749,0.13943335,0.22607261,0.6727746,-0.6188422,0.42189243
-0.08583303,0.2871747,0.92336166,0.098154634,0.20880471,0.67326045,-0.599417,0.42855057
-0.08880699,0.27393177,0.9264555,0.1357894,0.23440708,0.67378926,-0.59586334,0.44298825
-0.07166953,0.30351776,0.9639315,0.117200516,0.23718585,0.674185,-0.60948306,0.4257997
-0.102628335,0.25263178,0.8993149,0.15982732,0.25916797,0.6677343,-0.6038777,0.46180472
-0.06303668,0.29562312,0.9413843,0.14035958,0.21525964,0.68982154,-0.6128932,0.40485638
-0.083774,0.28370386,0.91926646,0.12881647,0.22886504,0.6747976,-0.60074574,0.4330224
-0.017203826,0.3275729,0.9927651,0.10394561,0.1742497,0.696409,-0.62897307,0.36362386
-0.08870363,0.28103906,0.9353458,0.14449161,0.25136983,0.67575395,-0.598723,0.43892968
-0.093325555,0.28987595,0.932947,0.1450972,0.24957187,0.68126726,-0.5956065,0.43467075
-0.088640645,0.29305094,0.94610703,0.119583406,0.23894237,0.6748685,-0.60430944,0.43396732
-0.069561124,0.29305327,0.93241787,0.108905345,0.21744685,0.68701875,-0.6185291,0.42842177
-0.107493505,0.26252595,0.899437,0.16152465,0.25282767,0.6764636,-0.5927807,0.45330003
-0.08669864,0.28956294,0.93902683,0.13664551,0.24708302,0.6756238,-0.6043056,0.43602604
-0.084570475,0.28265336,0.92616737,0.14179847,0.23829404,0.6745409,-0.6033126,0.4405534
-0.08583303,0.2871747,0.9233616,0.098154634,0.20880473,0.67326045,-0.599417,0.42855054
-0.090499654,0.28978425,0.9245883,0.12424346,0.22776332,0.6741129,-0.6080744,0.440114
-0.08583303,0.2871747,0.9233616,0.098154634,0.20880473,0.67326045,-0.599417,0.42855057
-0.09170833,0.2849113,0.93072534,0.14312717,0.2503821,0.67610335,-0.60257983,0.43943483
-0.05695064,0.3002538,0.96555346,0.1459761,0.22566345,0.6835095,-0.6183437,0.41941816
-0.08099263,0.27870142,0.9377541,0.12502737,0.22670388,0.67267084,-0.5971525,0.43867615
-0.0676471,0.27762765,0.9580894,0.1381099,0.2572213,0.6660735,-0.6149572,0.43341082
-0.102082625,0.32785434,0.88656276,0.1440806,0.23922344,0.6821524,-0.64443743,0.43712425
-0.08583303,0.2871747,0.92336154,0.098154634,0.20880473,0.67326045,-0.599417,0.42855057
-0.08583303,0.2871747,0.92336154,0.098154634,0.20880471,0.67326045,-0.599417,0.42855057
-0.09439335,0.28700396,0.9352011,0.12963635,0.24398665,0.67554474,-0.60223794,0.43833238
-0.09798851,0.27349004,0.9072678,0.14576489,0.2453254,0.6643584,-0.59277797,0.431511
-0.080257595,0.29554358,0.94970024,0.12831196,0.24284138,0.67500716,-0.6065245,0.4316433
-0.08583303,0.2871747,0.92336154,0.098154634,0.20880471,0.67326045,-0.599417,0.42855057
-0.08669864,0.28956294,0.9390269,0.13664551,0.24708302,0.6756238,-0.6043056,0.43602604
-0.07310468,0.29170504,0.93147826,0.114113346,0.21821848,0.6736548,-0.60340625,0.42553732
-0.08583303,0.2871747,0.92336154,0.098154634,0.20880473,0.67326045,-0.599417,0.42855054
-0.06465945,0.31187293,0.98634917,0.13514799,0.24482027,0.6845542,-0.6184509,0.4130053
-0.090499654,0.28978425,0.9245883,0.12424346,0.22776331,0.6741129,-0.6080744,0.44011402
-0.051675912,0.28017822,0.9665753,0.14457938,0.23247272,0.6715134,-0.6221242,0.43037498
-0.07166953,0.30351776,0.9639314,0.117200516,0.23718585,0.674185,-0.60948306,0.4257997
-0.06009417,0.32969412,0.962086,0.12453366,0.2133251,0.68411064,-0.64102143,0.4140803
-0.08583303,0.28717473,0.92336154,0.09815464,0.20880473,0.67326045,-0.599417,0.42855057
-0.103942595,0.29479393,0.90464336,0.11559954,0.21598329,0.68426937,-0.5915884,0.4283047
-0.08614227,0.28470463,0.93062276,0.12460276,0.22727774,0.67345196,-0.60306853,0.439455
-0.05935455,0.26512036,0.9565613,0.15851824,0.2421934,0.67221594,-0.6095994,0.43648753
-0.073623516,0.2260261,0.9280495,0.14621796,0.25919724,0.6473519,-0.6132572,0.4698746
-0.08089076,0.2810877,0.9097218,0.13974912,0.24021009,0.6694284,-0.5834733,0.42953938
-0.07701354,0.29210585,0.94388455,0.110527195,0.21737838,0.6721543,-0.6059276,0.43400496
-0.11031709,0.26958302,0.8956562,0.15819724,0.25128865,0.67691004,-0.59880984,0.45287782
-0.059229,0.27816015,0.9242307,0.1753463,0.25378105,0.6746425,-0.6124852,0.4361575
-0.09012523,0.278541,0.9188904,0.1480552,0.24282116,0.67517614,-0.6016021,0.4436301
-0.08614227,0.28470463,0.93062264,0.12460276,0.22727771,0.67345196,-0.60306853,0.439455
-0.017203826,0.3275729,0.9927651,0.10394561,0.1742497,0.696409,-0.62897307,0.36362386
-0.07166953,0.30351776,0.9639314,0.117200516,0.23718585,0.674185,-0.60948306,0.4257997
-0.06303668,0.29562315,0.9413843,0.14035957,0.21525964,0.6898216,-0.6128932,0.40485638
-0.09686203,0.2889864,0.8950856,0.14258307,0.24316949,0.672699,-0.59817415,0.4367494
-0.096042745,0.2781073,0.93152916,0.1384109,0.24873492,0.67568797,-0.59643567,0.44127333
-0.11961416,0.25128707,0.88315535,0.18256609,0.26588762,0.6800977,-0.58349746,0.45920166
-0.07694697,0.27495202,0.9311593,0.15209614,0.24968517,0.6718216,-0.6085114,0.43756947
-0.08683379,0.2740286,0.92306,0.14981289,0.24339809,0.6747469,-0.59744316,0.44335556
-0.087468795,0.27010015,0.9246551,0.13466643,0.23740128,0.6685896,-0.6041971,0.4475962
-0.08669864,0.28956294,0.93902683,0.13664551,0.24708302,0.6756238,-0.6043056,0.43602604
-0.08079944,0.25902498,0.92904896,0.13437974,0.24313927,0.6639969,-0.6052727,0.45348817
-0.101236686,0.28617752,0.9227122,0.13635768,0.24705216,0.6763942,-0.6044034,0.44202322
-0.09502362,0.27927947,0.91155183,0.11751981,0.22239868,0.6745964,-0.59728825,0.4361815
-0.08669863,0.28956294,0.93902683,0.13664553,0.24708302,0.6756238,-0.6043056,0.43602607
-0.097553186,0.2754531,0.9140453,0.14219719,0.23965193,0.67507404,-0.5994947,0.44626752
-0.027016517,0.3212759,1.0060498,0.12637435,0.20521903,0.68493724,-0.6301719,0.40050334
-0.08079603,0.30129686,0.96097857,0.10587482,0.23206379,0.6739463,-0.6071342,0.42801496
-0.084570475,0.28265336,0.92616737,0.14179848,0.23829404,0.6745409,-0.6033126,0.4405534
-0.08880699,0.27393177,0.92645556,0.1357894,0.23440705,0.67378926,-0.59586334,0.44298828
-0.09263222,0.2978915,0.92670405,0.12367552,0.22247232,0.68126214,-0.5989304,0.43330795
-0.07937784,0.26152304,0.94550437,0.13081616,0.25168797,0.6645747,-0.6023936,0.44878778
-0.017203826,0.3275729,0.9927651,0.10394561,0.1742497,0.696409,-0.62897307,0.36362386
-0.08669864,0.28956294,0.93902683,0.13664553,0.24708302,0.6756238,-0.6043056,0.43602607
-0.08583303,0.2871747,0.9233616,0.098154634,0.20880473,0.67326045,-0.599417,0.42855057
-0.084570475,0.28265336,0.92616737,0.14179848,0.23829404,0.6745409,-0.6033126,0.44055346
-0.082959324,0.2854845,0.9448168,0.13775975,0.24798255,0.67519575,-0.6000497,0.4352263
-0.097553186,0.2754531,0.9140453,0.14219719,0.23965195,0.67507404,-0.5994947,0.44626752
-0.047743544,0.3010106,0.9505556,0.15726347,0.22830446,0.6876529,-0.61663115,0.40428558
-0.08614227,0.28470463,0.93062264,0.12460276,0.22727771,0.67345196,-0.60306853,0.439455
-0.07701353,0.29210585,0.94388455,0.1105272,0.21737838,0.6721543,-0.6059276,0.43400496
-0.08669864,0.28956294,0.9390269,0.13664553,0.24708301,0.6756238,-0.6043056,0.43602607
-0.08880699,0.27393177,0.9264555,0.1357894,0.23440705,0.67378926,-0.59586334,0.44298825
-0.059358858,0.26702356,0.95562947,0.12424432,0.2375103,0.65964717,-0.6177333,0.4364794
-0.06303668,0.29562312,0.9413843,0.14035958,0.21525964,0.6898216,-0.6128932,0.40485638
-0.0926628,0.27941805,0.9211499,0.13465671,0.23434868,0.6743789,-0.60102636,0.44334787
-0.07823328,0.26916987,0.9351055,0.1256923,0.23569152,0.6671805,-0.6045359,0.44777256
-0.06303668,0.29562315,0.9413843,0.14035958,0.21525964,0.6898216,-0.6128932,0.40485638
-0.09423456,0.29413822,0.91941607,0.1239355,0.2281795,0.6746794,-0.6123652,0.4406789
-0.09250942,0.22307934,0.90410846,0.16837336,0.27362648,0.65233314,-0.6105031,0.475285
-0.10257661,0.26878747,0.88898516,0.15371549,0.2412039,0.6654254,-0.5948247,0.4390258
-0.069733076,0.29088226,0.9400212,0.14134279,0.23674214,0.6739316,-0.60767597,0.43402305
-0.087468795,0.27010012,0.92465514,0.13466643,0.23740128,0.6685896,-0.6041971,0.4475962
-0.10404495,0.29130045,0.92393225,0.1374815,0.24582572,0.68159443,-0.59765804,0.43758267
-0.07701354,0.29210585,0.94388455,0.110527195,0.21737838,0.6721543,-0.6059276,0.43400496
-0.08196647,0.28500342,0.95416987,0.15828857,0.25746092,0.6831046,-0.60314137,0.42934915
-0.07310468,0.29170504,0.9314784,0.114113346,0.21821849,0.6736548,-0.60340625,0.42553735
-0.09317537,0.2685503,0.9241753,0.153231,0.25729647,0.6725054,-0.5991805,0.44707724
-0.07730655,0.28803104,0.93568337,0.13361663,0.23237395,0.6737102,-0.60554945,0.43653008
-0.08583303,0.2871747,0.92336154,0.098154634,0.20880473,0.67326045,-0.599417,0.42855057
-0.06465945,0.31187293,0.98634917,0.13514799,0.24482027,0.6845542,-0.6184509,0.4130053
-0.07544753,0.29129773,0.957202,0.12895656,0.24355301,0.67446584,-0.60178447,0.43038338
-0.087579474,0.23745754,0.9193168,0.16521639,0.27150118,0.659648,-0.6123757,0.46649492
-0.06303668,0.29562315,0.9413842,0.14035957,0.21525964,0.68982154,-0.6128932,0.40485638
-0.08003639,0.2772003,0.9273749,0.1552229,0.24634692,0.67486817,-0.59967124,0.44088948
-0.09586033,0.30074278,0.933583,0.119629875,0.23822874,0.67582524,-0.61282086,0.43584135
-0.06303668,0.29562315,0.9413843,0.14035957,0.21525964,0.6898216,-0.6128932,0.40485638
-0.08583303,0.2871747,0.92336154,0.09815463,0.20880473,0.67326045,-0.599417,0.42855057
-0.0890942,0.28019056,0.901696,0.15570398,0.25036567,0.67269385,-0.5917743,0.43685716
-0.09338763,0.2762176,0.9011318,0.153565,0.25107285,0.67043835,-0.6013195,0.44342282
-0.09355188,0.262983,0.9227761,0.16707987,0.26769176,0.6748954,-0.5958217,0.444366
-0.08583303,0.2871747,0.92336154,0.098154634,0.20880473,0.67326045,-0.599417,0.42855054
-0.0926628,0.27941805,0.92114985,0.13465671,0.2343487,0.6743789,-0.60102636,0.44334787
-0.084570475,0.28265336,0.92616737,0.14179848,0.23829404,0.6745409,-0.6033126,0.44055346
-0.07756636,0.29245692,0.9124945,0.12889247,0.23356436,0.6687277,-0.589646,0.4248853
-0.09776262,0.27422428,0.89496535,0.14534028,0.2517044,0.66635686,-0.61062217,0.45099682
-0.06303668,0.29562315,0.9413843,0.14035957,0.21525964,0.6898216,-0.6128932,0.40485638
-0.07701354,0.29210585,0.94388455,0.110527195,0.21737838,0.6721543,-0.6059276,0.43400496
-0.08011375,0.23818207,0.91807574,0.15841208,0.26732928,0.65555584,-0.6090388,0.46409988
-0.07310467,0.29170504,0.93147826,0.114113346,0.21821848,0.6736548,-0.6034063,0.42553735
-0.10097141,0.26933894,0.9060003,0.17480221,0.2557288,0.68140996,-0.60094935,0.447234
-0.07730655,0.28803104,0.93568337,0.13361663,0.23237395,0.6737102,-0.60554945,0.4365301
-0.080257595,0.29554358,0.94970024,0.12831195,0.24284138,0.67500716,-0.6065245,0.4316433
-0.09962568,0.25511807,0.9119753,0.15543143,0.2617328,0.66860133,-0.6007324,0.45757908
-0.09045593,0.25503942,0.8992331,0.18650156,0.26295272,0.66983265,-0.5858816,0.44343844
-0.08583303,0.2871747,0.92336154,0.098154634,0.20880473,0.67326045,-0.599417,0.42855057
-0.08614227,0.28470463,0.93062264,0.12460276,0.22727774,0.67345196,-0.60306853,0.439455
-0.108874016,0.2765577,0.90811247,0.15101339,0.25448275,0.6772807,-0.6004959,0.44819376
-0.10788961,0.27725098,0.8993786,0.14977004,0.24585041,0.6765924,-0.6037863,0.45014304
-0.06303668,0.29562315,0.9413842,0.14035957,0.21525964,0.68982154,-0.6128932,0.40485638
-0.10033348,0.24702562,0.9020085,0.16210707,0.26062953,0.6669165,-0.6002053,0.46259227
-0.046311814,0.32618654,0.9804042,0.12530062,0.20994754,0.6844551,-0.6365008,0.40842322
-0.09439335,0.28700396,0.9352011,0.12963635,0.24398665,0.67554474,-0.60223794,0.43833238
-0.017203826,0.3275729,0.9927651,0.10394561,0.1742497,0.696409,-0.62897307,0.36362386
-0.08583303,0.2871747,0.9233616,0.09815463,0.20880473,0.67326045,-0.599417,0.42855057
-0.091382354,0.27028012,0.90050215,0.15007341,0.24966086,0.66799545,-0.59247255,0.44241723
-0.085763775,0.26439804,0.9322362,0.1483773,0.2565291,0.66775125,-0.6025244,0.4480648
-0.08614227,0.28470466,0.93062276,0.12460276,0.22727774,0.67345196,-0.60306853,0.43945494
-0.09586033,0.30074278,0.93358296,0.119629875,0.23822874,0.67582524,-0.61282086,0.43584135
-0.07882582,0.25043753,0.9203955,0.17161547,0.26722163,0.66588503,-0.6045945,0.45370233
-0.088640645,0.29305097,0.94610703,0.119583406,0.23894237,0.67486846,-0.60430944,0.43396732
-0.102295965,0.26588765,0.88570315,0.1779385,0.2517625,0.6700743,-0.597009,0.4373581
-0.08310349,0.26891455,0.92778563,0.15180494,0.24405195,0.6742604,-0.5927297,0.44304445
-0.090499654,0.28978425,0.9245883,0.12424346,0.22776332,0.6741129,-0.6080744,0.440114
-0.017203826,0.3275729,0.9927651,0.10394561,0.1742497,0.696409,-0.62897307,0.36362386
-0.083718985,0.30195814,0.93208486,0.14427097,0.24957886,0.67665386,-0.6163794,0.4344451
-0.017203826,0.3275729,0.9927651,0.10394561,0.1742497,0.696409,-0.62897307,0.36362386
-0.0926628,0.27941805,0.92114985,0.13465671,0.2343487,0.6743789,-0.60102636,0.44334787
-0.08600879,0.26625836,0.9227486,0.16617987,0.2514592,0.67512494,-0.60783094,0.44594502
-0.017203826,0.3275729,0.9927651,0.10394561,0.1742497,0.696409,-0.62897307,0.36362386
-0.08099263,0.27870142,0.9377541,0.12502737,0.22670388,0.67267084,-0.5971525,0.43867615
-0.09250833,0.29717156,0.9393977,0.1196083,0.23856007,0.67538106,-0.60886914,0.43497124
-0.06303668,0.29562315,0.9413843,0.14035957,0.21525964,0.6898216,-0.6128932,0.40485638
-0.09439335,0.28700396,0.9352011,0.12963635,0.24398665,0.67554474,-0.60223794,0.43833238
-0.084316224,0.2620598,0.91996044,0.11997143,0.23302794,0.667089,-0.5999635,0.44643092
-0.09439335,0.28700396,0.9352011,0.12963635,0.24398664,0.67554474,-0.60223794,0.43833238
-0.09806061,0.27266622,0.90849465,0.15699334,0.24928844,0.67608356,-0.5991585,0.44802538
-0.017203826,0.3275729,0.9927651,0.10394561,0.1742497,0.696409,-0.62897307,0.36362386
-0.088640645,0.29305094,0.946107,0.119583406,0.23894237,0.6748685,-0.60430944,0.43396732
-0.07632861,0.30480924,0.92651635,0.13695496,0.21831475,0.6885254,-0.6221019,0.41205075
-0.07756636,0.2924569,0.9124945,0.12889247,0.23356436,0.6687277,-0.589646,0.42488536
-0.06303668,0.29562315,0.9413842,0.14035957,0.21525964,0.68982154,-0.6128932,0.40485638
-0.086947985,0.27719846,0.9479742,0.13112934,0.24558613,0.6745449,-0.59209836,0.4368416
-0.08583303,0.2871747,0.92336154,0.098154634,0.20880471,0.67326045,-0.599417,0.42855054
-0.088640645,0.29305097,0.94610703,0.119583406,0.23894237,0.6748685,-0.60430944,0.4339673
-0.085462764,0.28841627,0.9282005,0.14401868,0.23543715,0.68065614,-0.59484285,0.43486202
-0.09302298,0.28283414,0.9106888,0.13034558,0.23312894,0.68072665,-0.59922063,0.4215517
-0.09960324,0.26403546,0.91453445,0.14902157,0.25778043,0.67042154,-0.60322845,0.45404
-0.08952424,0.23216589,0.9090586,0.164496,0.26674724,0.6568988,-0.6065654,0.46889195
-0.092252366,0.26195017,0.919399,0.15172993,0.25978407,0.66778386,-0.60589916,0.4540546
-0.06303668,0.29562315,0.9413843,0.14035957,0.21525964,0.6898216,-0.6128932,0.40485638
-0.109444425,0.30215722,0.8954994,0.15156196,0.2437711,0.68192583,-0.6269031,0.44361576
-0.08583303,0.2871747,0.92336166,0.098154634,0.20880471,0.67326045,-0.599417,0.42855057
-0.08943341,0.26278192,0.91784966,0.157446,0.26443776,0.66677505,-0.61781985,0.4563024
-0.07701353,0.29210585,0.94388455,0.110527195,0.21737838,0.6721543,-0.6059276,0.43400496
-0.090331934,0.25976366,0.927566,0.14222156,0.25487775,0.66434324,-0.60611016,0.45286477
-0.082291394,0.27419952,0.9402874,0.1536704,0.26215434,0.67345035,-0.6029851,0.43621725
-0.05939093,0.29807952,0.9526393,0.13240317,0.23007007,0.67293024,-0.61082643,0.42857602
-0.084426306,0.29922333,0.9431986,0.12775329,0.24222463,0.67547625,-0.6106326,0.43273526
-0.08412834,0.28824356,0.9539346,0.11955436,0.23938836,0.6742706,-0.5989898,0.4327961
-0.0926628,0.27941805,0.92114985,0.13465671,0.2343487,0.6743789,-0.60102636,0.44334787
-0.08683379,0.2740286,0.92306,0.14981289,0.24339807,0.6747469,-0.59744316,0.4433556
-0.095129736,0.2639154,0.896444,0.17216113,0.26215893,0.6720965,-0.5915736,0.44759402
-0.08614227,0.28470463,0.93062276,0.12460276,0.22727774,0.67345196,-0.60306853,0.439455
-0.054989368,0.2696275,0.9467748,0.13943337,0.22607261,0.6727746,-0.6188422,0.4218925
-0.087471485,0.27961338,0.9408384,0.1390653,0.25578442,0.67289716,-0.60735995,0.43518975
-0.08614227,0.28470463,0.93062264,0.12460276,0.22727774,0.6734519,-0.60306853,0.439455
-0.017203826,0.3275729,0.9927651,0.10394561,0.1742497,0.696409,-0.62897307,0.36362386
-0.09834463,0.28294757,0.89599746,0.14717771,0.24937011,0.66891855,-0.6144266,0.4468415
-0.09196367,0.26261428,0.9142829,0.15770146,0.25150496,0.67158335,-0.5982272,0.4508373
-0.06303668,0.29562315,0.9413843,0.14035957,0.21525964,0.6898216,-0.6128932,0.40485638
-0.09598734,0.30824977,0.9161664,0.092919245,0.19861434,0.6855063,-0.5923926,0.41733313
-0.08870363,0.28103906,0.9353458,0.14449161,0.25136983,0.67575395,-0.598723,0.43892968
-0.08820908,0.28690878,0.92154294,0.1404318,0.23800004,0.67500985,-0.60736465,0.44102022
-0.07110291,0.27308843,0.93919265,0.13343167,0.23954731,0.6678224,-0.6065882,0.44468316
-0.06303668,0.29562315,0.9413842,0.14035957,0.21525964,0.68982154,-0.6128932,0.40485638
-0.10968123,0.2504984,0.88962615,0.17187527,0.26703584,0.67048585,-0.60242987,0.4624773
-0.10988582,0.26292306,0.8944085,0.17399994,0.25912443,0.6801976,-0.58875656,0.4525881
-0.08583303,0.2871747,0.92336154,0.09815463,0.20880473,0.67326045,-0.599417,0.42855057
-0.054989368,0.2696275,0.9467748,0.13943335,0.22607261,0.6727746,-0.6188422,0.42189243
-0.1069667,0.23656683,0.88740224,0.17909294,0.2737775,0.6639581,-0.60235137,0.46976614
-0.088640645,0.29305094,0.946107,0.119583406,0.23894237,0.6748685,-0.60430944,0.43396732
-0.0674012,0.2953642,0.94865984,0.12245954,0.22430111,0.6725775,-0.60859966,0.4310437
-0.09439335,0.28700396,0.9352011,0.12963635,0.24398664,0.67554474,-0.60223794,0.43833238
-0.088640645,0.29305094,0.946107,0.119583406,0.23894237,0.6748685,-0.60430944,0.43396732
-0.080257595,0.29554358,0.94970024,0.12831195,0.24284138,0.67500716,-0.6065245,0.4316433
-0.07748969,0.28548425,0.9305577,0.1480475,0.24174619,0.6746827,-0.6053131,0.4381083
-0.10013434,0.2609202,0.90986794,0.15640074,0.24857491,0.67538095,-0.58948433,0.45061424
-0.07701354,0.29210585,0.94388455,0.110527195,0.21737838,0.6721543,-0.6059276,0.43400496
-0.054989368,0.2696275,0.9467748,0.13943335,0.22607261,0.6727746,-0.6188422,0.42189243
-0.06303668,0.29562315,0.9413842,0.14035957,0.21525964,0.68982154,-0.6128932,0.40485638
-0.08149235,0.27174568,0.94643503,0.14776622,0.25374046,0.67491525,-0.58946675,0.43771732
-0.08277411,0.28030902,0.9210755,0.16145074,0.2508841,0.67578536,-0.6035916,0.4418088
-0.09865587,0.2901695,0.91710544,0.13464552,0.23082651,0.68105876,-0.5973678,0.43844593
-0.07730655,0.28803104,0.93568337,0.13361661,0.23237395,0.6737102,-0.60554945,0.43653008
-0.09604274,0.2781073,0.9315292,0.1384109,0.24873492,0.67568797,-0.59643567,0.44127333
-0.06303668,0.29562315,0.9413842,0.14035957,0.21525964,0.68982154,-0.6128932,0.40485638
-0.08909419,0.28019056,0.901696,0.15570398,0.25036567,0.67269385,-0.5917743,0.43685716
-0.054989368,0.2696275,0.9467749,0.13943335,0.22607261,0.6727746,-0.6188422,0.42189243
-0.09012523,0.27854103,0.9188904,0.1480552,0.24282116,0.67517614,-0.6016021,0.44363007
-0.09582422,0.26876253,0.91131055,0.15884641,0.25007337,0.67578554,-0.5957092,0.44802552
-0.08099263,0.27870142,0.9377541,0.12502737,0.22670388,0.67267084,-0.5971525,0.43867615
-0.08593787,0.2708248,0.92193687,0.1473189,0.24489427,0.67030746,-0.6042124,0.44715467
-0.08026595,0.26422006,0.9323034,0.14730258,0.2473728,0.6705541,-0.6013078,0.4397099
-0.08583303,0.2871747,0.92336154,0.09815463,0.20880473,0.67326045,-0.599417,0.42855057
-0.08399313,0.23893623,0.9167289,0.1658687,0.27012745,0.657345,-0.6099908,0.4647602
-0.08079603,0.30129683,0.96097857,0.105874844,0.23206379,0.6739463,-0.6071342,0.42801502
-0.087726265,0.26658583,0.91720426,0.119090945,0.22764768,0.6666822,-0.6019518,0.44262618
-0.08343486,0.23369119,0.91558707,0.16397697,0.2676688,0.6566636,-0.60888594,0.46499223
-0.097553186,0.2754531,0.9140453,0.14219719,0.23965192,0.67507404,-0.5994947,0.44626752
-0.07348492,0.25937456,0.93566024,0.15933535,0.24977055,0.66764677,-0.613898,0.44745332
-0.09178888,0.26306474,0.9265001,0.14198767,0.25542653,0.6681624,-0.60290587,0.45201072
-0.06303668,0.29562315,0.9413843,0.14035957,0.21525964,0.6898216,-0.6128932,0.40485638
-0.09139362,0.22005215,0.9019972,0.16767795,0.27266344,0.65060145,-0.60797054,0.4751872
-0.09940791,0.26952583,0.8915105,0.16113278,0.24657197,0.6671825,-0.5960592,0.43979818
-0.017203826,0.3275729,0.9927651,0.10394561,0.1742497,0.696409,-0.62897307,0.36362386
-0.09389297,0.28007537,0.90897036,0.14927414,0.2471488,0.6658652,-0.59867346,0.43083256
-0.017203826,0.3275729,0.9927651,0.10394561,0.1742497,0.696409,-0.62897307,0.36362386
-0.07076638,0.27241787,0.9329446,0.11251515,0.22737423,0.6676389,-0.609258,0.420868
-0.042742796,0.28548595,0.9698905,0.15537979,0.2392567,0.67210186,-0.62359047,0.42715907
-0.07730655,0.28803104,0.93568337,0.13361663,0.23237395,0.6737102,-0.60554945,0.43653008
-0.08669864,0.28956294,0.93902683,0.13664553,0.24708302,0.6756238,-0.6043056,0.43602604
-0.08880699,0.27393177,0.92645556,0.1357894,0.23440705,0.67378926,-0.59586334,0.44298828
-0.054989368,0.2696275,0.9467748,0.13943337,0.22607261,0.6727746,-0.6188422,0.42189243
-0.084570475,0.28265336,0.9261674,0.14179847,0.23829404,0.6745409,-0.6033126,0.4405534
-0.08642432,0.24516487,0.9172677,0.1561526,0.2606667,0.6627181,-0.6061014,0.45801196
-0.017203826,0.3275729,0.9927651,0.10394561,0.1742497,0.696409,-0.62897307,0.36362386
-0.10342362,0.28957555,0.91899973,0.13549316,0.24634366,0.67669153,-0.6077582,0.44233894
-0.08614227,0.28470463,0.93062276,0.12460276,0.22727774,0.67345196,-0.60306853,0.439455
-0.08703495,0.29048148,0.9456704,0.15509216,0.25547168,0.68301624,-0.60855836,0.43090525
-0.08412834,0.28824356,0.9539346,0.11955436,0.23938839,0.6742706,-0.5989898,0.4327961
-0.08765804,0.27726594,0.9329885,0.14268903,0.25194815,0.67144215,-0.6050013,0.44299477
-0.088939734,0.25238922,0.92534935,0.14551133,0.25896952,0.6628667,-0.60533273,0.4573766
-0.084570475,0.28265336,0.9261674,0.14179848,0.23829404,0.6745409,-0.6033126,0.44055346
-0.07658252,0.27508938,0.93738115,0.13614564,0.24077407,0.669892,-0.60966295,0.4355574
-0.08583303,0.2871747,0.92336154,0.098154634,0.20880473,0.67326045,-0.599417,0.42855057
-0.08026595,0.26422003,0.9323034,0.14730258,0.2473728,0.6705541,-0.6013078,0.4397099
-0.08596908,0.25346974,0.93202513,0.1426636,0.2575423,0.6638668,-0.60201687,0.45469484
-0.08412834,0.28824356,0.9539345,0.11955436,0.23938839,0.6742706,-0.5989898,0.4327961
-0.08669864,0.28956294,0.93902683,0.13664551,0.24708302,0.6756238,-0.6043056,0.43602604
-0.080257595,0.29554358,0.94970024,0.12831196,0.24284138,0.67500716,-0.6065245,0.4316433
-0.07310467,0.29170507,0.93147826,0.114113346,0.21821848,0.6736548,-0.60340625,0.42553738
-0.097553186,0.2754531,0.9140453,0.14219719,0.23965193,0.67507404,-0.5994947,0.44626752
-0.090936564,0.28245142,0.9411315,0.13032952,0.24472927,0.6750805,-0.5975303,0.43764022
-0.098357856,0.2642514,0.9093643,0.17823161,0.25711247,0.6813703,-0.5967496,0.44718474
-0.09502362,0.27927947,0.91155195,0.11751981,0.22239871,0.6745964,-0.59728825,0.4361815
-0.017203826,0.3275729,0.9927651,0.10394561,0.1742497,0.696409,-0.62897307,0.36362386
-0.054989368,0.2696275,0.9467749,0.13943335,0.22607261,0.6727746,-0.6188422,0.42189243
-0.08583303,0.2871747,0.9233616,0.09815463,0.20880473,0.67326045,-0.599417,0.42855057
-0.09741803,0.29098743,0.9300121,0.12902983,0.24333687,0.67595094,-0.60635716,0.438938
-0.0688641,0.27618736,0.9226274,0.10722041,0.2298221,0.6588314,-0.5899604,0.43264896
-0.06303668,0.29562315,0.9413843,0.14035957,0.21525964,0.6898216,-0.6128932,0.40485638
-0.057953883,0.2580759,0.9379417,0.16031465,0.24836507,0.6660878,-0.61745083,0.43732697
-0.09216139,0.2942375,0.9154521,0.10057434,0.21155865,0.6742364,-0.6070534,0.43071413
-0.08020686,0.27371562,0.92914,0.1413612,0.24090923,0.6691033,-0.6061423,0.44471088
-0.08583303,0.2871747,0.92336154,0.09815464,0.20880473,0.67326045,-0.599417,0.42855057
-0.07701354,0.29210585,0.94388455,0.110527195,0.21737838,0.6721543,-0.6059276,0.43400496
-0.084570475,0.28265336,0.92616737,0.14179848,0.23829404,0.6745409,-0.6033126,0.44055346
-0.08259576,0.2519235,0.9248093,0.14046094,0.24835269,0.6617683,-0.60578847,0.45748916
-0.088640645,0.29305094,0.946107,0.119583406,0.23894237,0.6748685,-0.60430944,0.43396732
-0.07448226,0.26467708,0.94004035,0.14574505,0.2579578,0.6643849,-0.60893965,0.44872874
-0.08583303,0.2871747,0.92336154,0.09815464,0.20880471,0.67326045,-0.599417,0.4285506
-0.08583303,0.2871747,0.92336154,0.09815463,0.20880473,0.67326045,-0.599417,0.42855057
-0.08099263,0.27870142,0.9377541,0.12502737,0.22670388,0.6726708,-0.5971525,0.43867615
-0.10160816,0.2700039,0.90356183,0.15680414,0.26051423,0.67026395,-0.61275667,0.4555081
-0.08464365,0.25917014,0.90689963,0.15085606,0.25211075,0.66302156,-0.5914432,0.44552517
-0.08583303,0.2871747,0.92336154,0.098154634,0.20880473,0.6732604,-0.599417,0.42855057
-0.10835619,0.28229254,0.90948904,0.14583878,0.25163597,0.6772565,-0.6044565,0.44657663
-0.07972524,0.28283566,0.94454324,0.14591314,0.2583007,0.67315793,-0.609224,0.4329392
-0.054989368,0.26962748,0.9467748,0.13943337,0.2260726,0.6727746,-0.6188422,0.4218925
-0.10248998,0.27037004,0.9126153,0.16064805,0.2594993,0.67709357,-0.5955391,0.4478179
-0.08583303,0.2871747,0.92336154,0.09815464,0.20880471,0.67326045,-0.599417,0.42855057
-0.0926628,0.27941805,0.9211499,0.13465671,0.2343487,0.6743789,-0.60102636,0.44334787
-0.07632861,0.30480924,0.92651635,0.13695498,0.21831475,0.68852526,-0.62210184,0.41205075
-0.08507536,0.27087542,0.9261399,0.14519715,0.2463126,0.6714379,-0.6064491,0.44034937
-0.06303668,0.29562315,0.9413843,0.14035957,0.21525964,0.6898216,-0.6128932,0.40485638
-0.027016517,0.3212759,1.0060498,0.12637435,0.20521903,0.68493724,-0.6301719,0.40050334
-0.08137946,0.2809612,0.90806484,0.17459534,0.258764,0.6743909,-0.6083325,0.43482146
-0.07701354,0.29210585,0.9438847,0.110527195,0.21737838,0.6721543,-0.6059276,0.43400496
-0.07730655,0.28803104,0.93568337,0.13361663,0.23237394,0.6737102,-0.60554945,0.4365301
-0.11015055,0.26123285,0.88332385,0.17731717,0.26470646,0.6762621,-0.58818513,0.45227286
-0.080257595,0.29554358,0.9497003,0.12831195,0.24284138,0.67500716,-0.6065245,0.4316433
-0.08430856,0.2675311,0.9326454,0.13711084,0.23447514,0.67310137,-0.5898399,0.44256878
-0.06303668,0.29562315,0.9413843,0.14035957,0.21525964,0.6898216,-0.6128932,0.40485638
-0.08583303,0.2871747,0.92336154,0.098154634,0.20880473,0.67326045,-0.599417,0.42855057
-0.0772944,0.28134948,0.9243918,0.14719532,0.25047064,0.65899545,-0.60585636,0.41783354
-0.017203826,0.3275729,0.9927651,0.10394561,0.1742497,0.696409,-0.62897307,0.36362386
-0.09005833,0.27782568,0.89955896,0.13603048,0.22595935,0.6592048,-0.5974182,0.42716315
-0.09113882,0.28067097,0.9048458,0.13543071,0.24069698,0.66726846,-0.6024755,0.43977007
-0.09741803,0.29098743,0.9300121,0.12902983,0.24333686,0.67595094,-0.60635716,0.438938
-0.098427266,0.24698482,0.90429306,0.16011474,0.25965106,0.66612715,-0.6008981,0.46234298
-0.09453751,0.270434,0.9181699,0.14368154,0.24005605,0.67460936,-0.594918,0.4461505
-0.084570475,0.28265336,0.92616737,0.14179848,0.23829404,0.6745409,-0.6033126,0.44055346
-0.059231218,0.28724656,0.92417216,0.14923845,0.2514569,0.66574425,-0.59837854,0.41814396
-0.07334043,0.31619146,0.97144103,0.13345732,0.2435725,0.6842753,-0.6239725,0.41689613
-0.095457256,0.26894167,0.9242511,0.14232983,0.25424984,0.67200166,-0.6007306,0.44938868
-0.095987335,0.30824974,0.9161664,0.09291925,0.19861433,0.6855063,-0.59239256,0.4173331
-0.08669864,0.28956294,0.93902683,0.13664553,0.24708302,0.6756238,-0.6043056,0.43602604
-0.03881204,0.29180664,0.93938303,0.15101394,0.24190262,0.66442704,-0.6019904,0.40852052
-0.088640645,0.29305094,0.94610703,0.119583406,0.23894237,0.6748685,-0.60430944,0.43396732
-0.07076638,0.27241793,0.9329446,0.112515144,0.22737424,0.6676389,-0.609258,0.420868
-0.08476925,0.26162022,0.9048089,0.14803205,0.2557848,0.6587039,-0.61853945,0.45320216
-0.0926628,0.27941805,0.92114985,0.13465671,0.23434868,0.6743789,-0.60102636,0.44334787
-0.0427428,0.28548595,0.9698905,0.15537979,0.2392567,0.67210186,-0.62359047,0.42715904
-0.08669864,0.28956294,0.93902683,0.13664553,0.24708302,0.6756238,-0.6043056,0.43602604
-0.0926628,0.27941805,0.9211499,0.13465671,0.2343487,0.6743789,-0.60102636,0.44334784
-0.09216139,0.2942375,0.9154521,0.10057434,0.21155865,0.6742364,-0.60705346,0.43071413
-0.09977286,0.26040268,0.909226,0.16767374,0.2572121,0.67854416,-0.58947504,0.4451034
-0.09250833,0.29717156,0.93939775,0.11960828,0.23856008,0.67538106,-0.60886914,0.43497127
-0.054989368,0.2696275,0.9467748,0.13943337,0.22607261,0.6727746,-0.6188422,0.4218925
-0.07076638,0.27241793,0.9329446,0.112515144,0.22737423,0.6676389,-0.609258,0.420868
-0.08614227,0.28470463,0.93062264,0.12460276,0.22727774,0.67345196,-0.60306853,0.439455
-0.091828465,0.27110302,0.9165325,0.1548315,0.24710658,0.6753239,-0.59647983,0.44594997
-0.088209085,0.28690875,0.92154294,0.14043182,0.23800004,0.67500985,-0.60736465,0.44102025
-0.088640645,0.29305094,0.946107,0.119583406,0.23894237,0.6748685,-0.60430944,0.4339673
-0.09012523,0.278541,0.9188904,0.1480552,0.24282116,0.67517614,-0.6016021,0.4436301
-0.06996194,0.26752436,0.9459015,0.137767,0.24149247,0.6686768,-0.6038147,0.43431085
-0.06303668,0.29562315,0.9413842,0.14035957,0.21525964,0.68982154,-0.6128932,0.40485638
-0.08614227,0.28470463,0.93062276,0.12460276,0.22727774,0.67345196,-0.60306853,0.439455
-0.083774,0.28370386,0.9192665,0.12881647,0.22886504,0.6747976,-0.60074574,0.4330224
-0.08765804,0.27726594,0.9329885,0.14268903,0.25194815,0.67144215,-0.6050013,0.4429947
-0.07310468,0.29170504,0.93147826,0.114113346,0.21821849,0.6736548,-0.60340625,0.42553735
-0.080257595,0.2955436,0.94970024,0.12831195,0.24284138,0.67500716,-0.6065245,0.4316433
-0.087590605,0.28084114,0.90205234,0.17150135,0.2597162,0.6749414,-0.59829164,0.43975297
-0.078379266,0.26935166,0.9324879,0.16137977,0.24723996,0.67432237,-0.6110072,0.44248506
-0.072162405,0.2881326,0.9434742,0.12275728,0.23285559,0.66909754,-0.6196891,0.43057436
-0.06303668,0.29562315,0.9413842,0.14035957,0.21525964,0.68982154,-0.6128932,0.40485638
-0.017203826,0.3275729,0.9927651,0.10394561,0.1742497,0.696409,-0.62897307,0.36362386
-0.076097235,0.26879,0.91260254,0.14180405,0.23701811,0.65675163,-0.6015209,0.43394542
-0.05695064,0.3002538,0.96555346,0.1459761,0.22566345,0.6835095,-0.6183437,0.41941816
-0.08507536,0.27087542,0.92613983,0.14519715,0.2463126,0.6714379,-0.6064491,0.44034937
-0.08360375,0.291683,0.94971913,0.13935861,0.24661621,0.6814117,-0.59107786,0.42871535
-0.07589061,0.28515062,0.9513021,0.12874463,0.24532777,0.66917604,-0.6093287,0.43667194
-0.095987335,0.30824977,0.9161664,0.092919245,0.19861434,0.6855063,-0.5923926,0.4173331
-0.08583303,0.2871747,0.92336154,0.09815464,0.20880471,0.67326045,-0.599417,0.42855057
-0.08583303,0.2871747,0.92336154,0.09815464,0.20880471,0.67326045,-0.599417,0.42855057
-0.054989368,0.2696275,0.9467749,0.13943335,0.22607261,0.6727746,-0.6188422,0.42189243
-0.07310468,0.29170504,0.9314784,0.114113346,0.21821849,0.6736548,-0.60340625,0.42553735
-0.06672244,0.3014086,0.92213076,0.11567485,0.22492233,0.6664852,-0.5898205,0.4165214
-0.106752925,0.24109513,0.9023676,0.18819946,0.2757749,0.67514026,-0.5875669,0.45896426
-0.0926628,0.27941805,0.92114985,0.13465671,0.2343487,0.6743789,-0.60102636,0.44334787
-0.06743762,0.33683962,0.9365298,0.11034013,0.19798592,0.69066304,-0.644642,0.39738336
-0.07358071,0.28857484,0.94305557,0.15686597,0.2370215,0.68271637,-0.61177254,0.4299264
-0.08669864,0.28956294,0.93902683,0.13664553,0.24708302,0.6756238,-0.6043056,0.43602607
-0.07730655,0.28803104,0.9356835,0.13361661,0.23237395,0.6737102,-0.60554945,0.43653008
-0.07076638,0.27241793,0.9329446,0.112515144,0.22737424,0.6676389,-0.609258,0.42086798
-0.08583303,0.2871747,0.9233616,0.098154634,0.20880473,0.67326045,-0.599417,0.42855057
-0.09600449,0.28417283,0.91655165,0.13367507,0.23429814,0.6748898,-0.60550094,0.44365948
-0.06769793,0.2736823,0.9461228,0.1546596,0.24133308,0.67319876,-0.615454,0.437641
-0.05695064,0.3002538,0.96555346,0.1459761,0.22566345,0.6835095,-0.6183437,0.41941816
-0.10161581,0.25943786,0.9037388,0.16671324,0.2713828,0.6707423,-0.5943077,0.4460716
-0.05695064,0.30025378,0.96555346,0.14597611,0.22566345,0.6835095,-0.6183437,0.41941816
-0.09925418,0.27455348,0.893222,0.15532768,0.2508484,0.6732127,-0.5892969,0.4416133
-0.092688,0.26360252,0.9086019,0.1296638,0.24101187,0.6656809,-0.6095286,0.45257053
-0.09515418,0.28133625,0.91406643,0.16511771,0.2481344,0.68187517,-0.60922796,0.44172716
-0.08583303,0.2871747,0.92336154,0.098154634,0.20880473,0.67326045,-0.599417,0.42855057
-0.08079603,0.30129683,0.9609787,0.105874844,0.23206379,0.6739463,-0.6071342,0.42801496
-0.07701354,0.29210585,0.9438847,0.110527195,0.21737838,0.6721543,-0.6059276,0.43400496
-0.08079603,0.30129683,0.96097857,0.10587482,0.23206379,0.6739463,-0.6071342,0.42801496
-0.09070343,0.25927386,0.9082161,0.17240681,0.2659873,0.6707935,-0.60517764,0.45332828
-0.017203826,0.3275729,0.9927651,0.10394561,0.1742497,0.696409,-0.62897307,0.36362386
-0.084570475,0.28265336,0.92616737,0.14179848,0.23829404,0.6745409,-0.6033126,0.44055346
-0.06303668,0.29562315,0.9413842,0.14035957,0.21525964,0.68982154,-0.6128932,0.40485638
-0.086643286,0.25507924,0.9184324,0.15548651,0.2545197,0.6679284,-0.5995413,0.4549104
-0.08798568,0.2781478,0.924504,0.15301943,0.24147442,0.68045473,-0.5887399,0.43847102
-0.08376447,0.2808247,0.9368743,0.135301,0.25048774,0.67111194,-0.6086166,0.44314715
-0.090936564,0.28245142,0.9411315,0.13032952,0.24472925,0.6750805,-0.5975303,0.43764022
-0.07126785,0.28622591,0.9131691,0.17299241,0.2477716,0.6823638,-0.6071272,0.43286756
-0.07868583,0.2808234,0.951434,0.13903318,0.24901058,0.6747066,-0.5951857,0.4343123
-0.072838426,0.27743232,0.9384009,0.13370131,0.23578562,0.6675553,-0.60862356,0.44156885
-0.077935226,0.270783,0.9289578,0.10222659,0.21673058,0.663736,-0.60488033,0.4372753
-0.07811489,0.2847219,0.9454109,0.1282799,0.24739517,0.6700733,-0.61095107,0.4403756
-0.0926628,0.27941805,0.92114985,0.13465671,0.2343487,0.6743789,-0.60102636,0.44334787
-0.0926628,0.27941805,0.92114985,0.13465671,0.2343487,0.6743789,-0.60102636,0.44334787
-0.07701354,0.29210585,0.94388455,0.110527195,0.21737838,0.6721543,-0.6059276,0.43400496
-0.06974569,0.2923793,0.9714484,0.1166992,0.24738836,0.6700799,-0.6147946,0.42258364
-0.07166953,0.30351776,0.9639314,0.117200516,0.23718585,0.674185,-0.60948306,0.42579973
-0.08470539,0.2903213,0.93955535,0.13371602,0.24664897,0.683141,-0.6128122,0.43764853
-0.06303668,0.29562312,0.9413843,0.14035958,0.21525964,0.68982154,-0.6128932,0.40485638
-0.0812126,0.26053154,0.9112426,0.1308843,0.2447049,0.6596528,-0.59332776,0.4458145
-0.08008573,0.28493252,0.9535926,0.1297461,0.25228605,0.6717233,-0.6104577,0.4299372
-0.08833094,0.2714421,0.92189884,0.133505,0.24040121,0.66955596,-0.60642314,0.45001462
-0.09182847,0.27110302,0.9165325,0.15483151,0.24710658,0.6753239,-0.59647983,0.44594997
-0.08583303,0.2871747,0.92336154,0.098154634,0.20880471,0.67326045,-0.5994169,0.4285506
-0.096042745,0.2781073,0.93152916,0.1384109,0.2487349,0.67568797,-0.5964357,0.4412733
-0.08008573,0.2849325,0.95359254,0.1297461,0.25228605,0.6717233,-0.6104577,0.42993724
-0.10857555,0.26917878,0.89453685,0.16615163,0.26470608,0.6746715,-0.5971735,0.4498004
-0.017203826,0.3275729,0.9927651,0.10394561,0.1742497,0.696409,-0.62897307,0.36362386
-0.08669864,0.28956294,0.93902683,0.13664551,0.24708302,0.6756238,-0.6043056,0.43602607
-0.108964115,0.2662015,0.89746785,0.15979163,0.2520261,0.6766961,-0.59592086,0.4530801
-0.09379651,0.24477518,0.9130634,0.16286287,0.26686785,0.6640919,-0.6017071,0.46149522
-0.09955649,0.2799921,0.9125796,0.1418756,0.24040654,0.68032545,-0.5950888,0.44509315
-0.08583303,0.2871747,0.9233616,0.09815463,0.20880473,0.67326045,-0.599417,0.42855057
-0.09604274,0.2781073,0.93152916,0.1384109,0.24873492,0.67568797,-0.59643567,0.44127333
-0.017203826,0.3275729,0.9927651,0.10394561,0.1742497,0.696409,-0.62897307,0.36362386
-0.08676696,0.2850553,0.9003859,0.1550864,0.24953789,0.6770362,-0.59444547,0.4302322
-0.08880699,0.27393177,0.9264555,0.1357894,0.23440704,0.67378926,-0.59586334,0.44298828
-0.088640645,0.29305094,0.946107,0.119583406,0.23894237,0.6748685,-0.60430944,0.43396732
-0.08246653,0.2807445,0.9410681,0.1365371,0.24902739,0.67044234,-0.6069104,0.4402053
-0.07310468,0.29170504,0.93147826,0.114113346,0.21821848,0.6736548,-0.60340625,0.42553732
-0.06672244,0.3014086,0.9221309,0.11567484,0.22492233,0.6664852,-0.5898205,0.4165214
-0.07990314,0.27383125,0.92585665,0.1522907,0.24745397,0.67064965,-0.6058497,0.44474822
-0.09052268,0.26851213,0.9161746,0.15208508,0.24808228,0.6712707,-0.60266846,0.4491098
-0.080257595,0.29554358,0.94970024,0.12831195,0.24284138,0.67500705,-0.6065245,0.43164334
-0.08583303,0.2871747,0.92336154,0.09815464,0.20880471,0.67326045,-0.5994169,0.4285506
-0.06672244,0.3014086,0.92213076,0.11567484,0.22492233,0.6664852,-0.5898205,0.4165214
-0.078301005,0.2741831,0.936395,0.16818228,0.24531522,0.6822284,-0.60153544,0.43547255
-0.10135683,0.27236924,0.90851945,0.148062,0.24377666,0.6756147,-0.59830344,0.44853836
-0.059114262,0.29273695,0.9849468,0.13510959,0.24874441,0.6737749,-0.62179935,0.42345726
-0.08614227,0.28470463,0.93062276,0.12460276,0.22727774,0.67345196,-0.60306853,0.439455
-0.0853692,0.2527801,0.9304357,0.1413889,0.25748578,0.6614439,-0.60671264,0.4565992
-0.10507695,0.27577376,0.91494733,0.1483061,0.2533546,0.6768006,-0.5983909,0.44643894
-0.071057744,0.2912985,0.9169616,0.15126479,0.24646115,0.67113954,-0.5952462,0.42718107
-0.07701354,0.29210585,0.94388455,0.1105272,0.21737838,0.6721543,-0.6059276,0.43400496
-0.06303668,0.29562312,0.9413843,0.14035958,0.21525964,0.68982154,-0.6128932,0.40485638
-0.077306546,0.288031,0.9356835,0.13361661,0.23237395,0.6737102,-0.6055495,0.43653008
-0.09973315,0.27713153,0.9078473,0.16885054,0.25171444,0.6816333,-0.6066711,0.4448494
-0.054989368,0.2696275,0.9467748,0.13943337,0.2260726,0.6727746,-0.6188422,0.42189243
-0.07658252,0.27508938,0.937381,0.13614564,0.24077407,0.669892,-0.60966295,0.4355574
-0.084570475,0.28265336,0.92616737,0.14179848,0.23829404,0.6745409,-0.6033126,0.4405534
-0.07895811,0.25769404,0.9358056,0.13693327,0.2379876,0.6665197,-0.59435886,0.44753063
-0.08614227,0.28470463,0.93062264,0.12460276,0.22727771,0.67345196,-0.60306853,0.439455
-0.09260861,0.26472837,0.89869106,0.17852476,0.26492763,0.67184067,-0.60466105,0.44737166
-0.08689576,0.2844437,0.9195562,0.17022872,0.25116068,0.6815375,-0.61096746,0.43904078
-0.09439335,0.28700396,0.9352011,0.12963635,0.24398665,0.67554474,-0.60223794,0.43833238
-0.113537356,0.2832273,0.8915365,0.14980362,0.24677883,0.67744625,-0.6098252,0.45113426
-0.06303668,0.29562315,0.9413842,0.14035957,0.21525964,0.68982154,-0.6128932,0.40485638
-0.08065077,0.27354655,0.93393844,0.12538734,0.23134385,0.66684335,-0.60656995,0.44465634
-0.09012523,0.278541,0.9188904,0.1480552,0.24282116,0.67517614,-0.6016021,0.4436301
-0.08583303,0.2871747,0.9233616,0.09815463,0.20880473,0.67326045,-0.599417,0.42855057
-0.09598734,0.30824977,0.9161664,0.092919245,0.19861434,0.6855063,-0.5923926,0.41733313
-0.07701354,0.29210585,0.94388455,0.1105272,0.21737838,0.6721543,-0.6059276,0.43400496
-0.08144161,0.2599302,0.9201999,0.16480432,0.25905776,0.66947603,-0.601394,0.45182267
-0.07524975,0.23207071,0.93315756,0.14255418,0.26258117,0.6479224,-0.6160855,0.46733305
-0.084570475,0.28265336,0.9261674,0.14179848,0.23829404,0.6745409,-0.6033126,0.44055346
-0.09439335,0.28700396,0.9352011,0.12963635,0.24398665,0.67554474,-0.60223794,0.43833238
-0.03881204,0.29180664,0.93938315,0.15101394,0.24190262,0.66442704,-0.6019904,0.40852052
-0.10333295,0.2707792,0.8926859,0.15329565,0.25152022,0.67107,-0.59836483,0.44785064
-0.06303668,0.29562315,0.9413843,0.14035957,0.21525964,0.6898216,-0.6128932,0.40485638
-0.08824305,0.24813202,0.8985297,0.18937911,0.2604966,0.6654755,-0.5900095,0.44038254
-0.09879248,0.28237978,0.9268614,0.1373239,0.24784406,0.67606187,-0.6006539,0.44167033
-0.09617602,0.29665244,0.9208654,0.1327632,0.24551894,0.6730791,-0.62082744,0.44198188
-0.09439335,0.28700396,0.9352011,0.12963635,0.24398665,0.67554474,-0.60223794,0.43833238
-0.017203826,0.3275729,0.9927651,0.10394561,0.1742497,0.696409,-0.62897307,0.36362386
-0.08583302,0.2871747,0.92336154,0.09815463,0.20880473,0.6732604,-0.599417,0.42855054
-0.07880879,0.32706934,0.90454954,0.14118518,0.23540406,0.67782295,-0.6218106,0.41392562
-0.071353465,0.27824613,0.94659764,0.11273403,0.22308373,0.6644621,-0.6098057,0.44064748
-0.06303668,0.29562315,0.9413842,0.14035957,0.21525964,0.68982154,-0.6128932,0.40485638
-0.07310468,0.29170504,0.93147826,0.114113346,0.21821848,0.6736548,-0.60340625,0.42553735
-0.09439335,0.28700396,0.9352011,0.12963635,0.24398664,0.67554474,-0.60223794,0.43833235
-0.084986776,0.25048447,0.92449236,0.15014295,0.2616922,0.660261,-0.6099012,0.45902503
-0.06303668,0.29562315,0.9413843,0.14035957,0.21525964,0.6898216,-0.6128932,0.40485638
-0.10214395,0.25180563,0.89821976,0.17323497,0.26334175,0.6676076,-0.58684844,0.44727445
-0.10854496,0.26861054,0.89483565,0.16588785,0.25609475,0.6773109,-0.5986887,0.45300663
-0.09451057,0.2752944,0.91314536,0.15299469,0.24639519,0.6756776,-0.6002517,0.44605908
-0.017203826,0.3275729,0.9927651,0.10394561,0.1742497,0.696409,-0.62897307,0.36362386
-0.08349688,0.2388215,0.9189726,0.16002023,0.26096112,0.6607825,-0.6007641,0.4621709
-0.08583303,0.2871747,0.92336166,0.098154634,0.20880471,0.67326045,-0.599417,0.42855057
-0.08583303,0.2871747,0.9233616,0.09815463,0.20880473,0.67326045,-0.599417,0.42855057
-0.079869404,0.26626572,0.927512,0.15995835,0.2543701,0.67222255,-0.60190403,0.4407574
-0.017203826,0.3275729,0.9927651,0.10394561,0.1742497,0.696409,-0.62897307,0.36362386
-0.06303668,0.29562315,0.9413843,0.14035957,0.21525964,0.6898216,-0.6128932,0.40485638
-0.0926628,0.27941805,0.92114985,0.13465671,0.2343487,0.6743788,-0.60102636,0.44334784
-0.08880699,0.27393177,0.9264555,0.1357894,0.23440704,0.67378926,-0.59586334,0.44298828
-0.09604274,0.2781073,0.9315292,0.1384109,0.24873492,0.67568797,-0.59643567,0.44127333
-0.08583303,0.28717473,0.92336154,0.09815464,0.20880473,0.67326045,-0.599417,0.42855057
-0.086532995,0.274676,0.9319688,0.16764519,0.26369026,0.67668366,-0.60787225,0.44145486
-0.08003638,0.2772003,0.92737484,0.1552229,0.24634695,0.67486817,-0.59967124,0.44088945
-0.07076638,0.27241787,0.9329446,0.11251515,0.22737423,0.6676389,-0.6092579,0.420868
-0.08457046,0.28265336,0.9261674,0.14179848,0.23829402,0.6745409,-0.6033126,0.44055346
-0.09216139,0.2942375,0.91545224,0.10057434,0.21155865,0.6742364,-0.6070535,0.43071413
-0.0926628,0.27941805,0.92114985,0.13465671,0.23434873,0.6743789,-0.60102636,0.44334787
-0.06303668,0.29562315,0.9413843,0.14035957,0.21525964,0.6898216,-0.6128932,0.40485638
-0.043030586,0.27795896,0.9538659,0.15405475,0.23570918,0.6733511,-0.6211963,0.41896945
-0.0674012,0.2953642,0.94865984,0.12245954,0.22430111,0.6725775,-0.60859966,0.4310437
-0.06390651,0.2881648,0.96579665,0.15397753,0.2571481,0.6750553,-0.6174218,0.42882976
-0.08314809,0.28382275,0.91095024,0.14252087,0.24421908,0.66790456,-0.60466516,0.4372142
-0.084570475,0.28265336,0.9261674,0.14179848,0.23829404,0.6745409,-0.6033126,0.44055346
-0.08614227,0.28470463,0.93062264,0.12460276,0.22727774,0.67345196,-0.60306853,0.43945494
-0.046311814,0.32618654,0.9804042,0.12530062,0.20994754,0.6844551,-0.6365008,0.40842322
-0.09439335,0.28700396,0.9352011,0.12963635,0.24398665,0.67554474,-0.60223794,0.43833238
-0.09250833,0.2971716,0.9393977,0.1196083,0.23856007,0.67538106,-0.60886914,0.43497124
-0.08583303,0.2871747,0.92336154,0.098154634,0.20880473,0.67326045,-0.599417,0.42855057
-0.07310468,0.29170504,0.93147826,0.114113346,0.21821848,0.6736548,-0.60340625,0.42553735
-0.07756636,0.2924569,0.9124945,0.12889247,0.23356436,0.6687277,-0.589646,0.42488536
-0.084311254,0.25865132,0.9346716,0.13659857,0.2545701,0.66320163,-0.60642713,0.4532332
-0.07730655,0.28803104,0.93568337,0.13361663,0.23237395,0.6737102,-0.60554945,0.4365301
-0.08778917,0.26460138,0.93271875,0.13668838,0.25329176,0.6669847,-0.60431916,0.45054126
-0.07171589,0.2882414,0.9568864,0.13836432,0.25545856,0.6721145,-0.61237025,0.42774445
-0.06303668,0.29562315,0.9413843,0.14035958,0.21525964,0.6898216,-0.6128932,0.40485638
-0.08880699,0.27393177,0.9264555,0.1357894,0.23440705,0.67378926,-0.59586334,0.44298825
-0.09439335,0.28700396,0.9352011,0.12963635,0.24398665,0.67554474,-0.60223794,0.43833238
-0.0674012,0.2953642,0.94865984,0.12245955,0.22430111,0.6725775,-0.60859966,0.43104374
-0.088640645,0.29305094,0.946107,0.119583406,0.23894237,0.6748685,-0.60430944,0.4339673
-0.0884546,0.24792227,0.9210407,0.1351282,0.24597502,0.66097665,-0.60423416,0.46043953
-0.08583303,0.2871747,0.92336154,0.098154634,0.20880473,0.67326045,-0.599417,0.42855057
-0.07730655,0.28803104,0.9356835,0.13361661,0.23237395,0.6737102,-0.60554945,0.43653008
-0.088209085,0.28690878,0.921543,0.1404318,0.23800004,0.67500985,-0.60736465,0.44102022
-0.09022049,0.26659256,0.9329281,0.16599365,0.26370662,0.67634076,-0.6023897,0.44354585
-0.08583303,0.2871747,0.92336166,0.098154634,0.20880471,0.67326045,-0.599417,0.42855057
-0.06303668,0.29562315,0.9413843,0.14035957,0.21525964,0.6898216,-0.6128932,0.40485638
-0.06303668,0.29562315,0.9413843,0.14035957,0.21525964,0.6898216,-0.6128932,0.40485638
-0.09048585,0.2734623,0.93207383,0.15146591,0.25518036,0.67586964,-0.5937607,0.44151068
-0.0956222,0.24962834,0.9060286,0.15342292,0.25766617,0.66232026,-0.6098251,0.46339226
-0.07730655,0.28803104,0.93568337,0.13361661,0.23237395,0.6737102,-0.60554945,0.43653008
-0.017203826,0.3275729,0.9927651,0.10394561,0.1742497,0.696409,-0.62897307,0.36362386
-0.088348925,0.27792707,0.9173087,0.15743412,0.24875185,0.67573416,-0.6020051,0.44382772
-0.07937936,0.29091787,0.9081278,0.13401291,0.22407149,0.6591314,-0.6064124,0.42116633
-0.0926628,0.27941805,0.9211499,0.13465671,0.2343487,0.6743789,-0.60102636,0.44334787
-0.08583303,0.2871747,0.92336154,0.09815464,0.20880473,0.67326045,-0.599417,0.42855057
-0.10307321,0.2845067,0.9100665,0.14269018,0.23695292,0.6809097,-0.59622186,0.44221383
-0.017203826,0.3275729,0.9927651,0.10394561,0.1742497,0.696409,-0.62897307,0.36362386
-0.0904475,0.2587791,0.9217998,0.15286556,0.26071957,0.66727453,-0.60367614,0.45427004
-0.09615172,0.26935866,0.92204094,0.14154564,0.25276193,0.6686389,-0.60699916,0.4501807
-0.07770974,0.28885517,0.91166484,0.14523025,0.24332333,0.67076147,-0.59257454,0.4288977
-0.083103724,0.2828469,0.90543324,0.12620549,0.21749018,0.6557488,-0.59885895,0.42057288
-0.085365154,0.29065925,0.9247607,0.13732277,0.25263777,0.6694022,-0.60557365,0.43289548
-0.088209085,0.28690875,0.92154294,0.14043182,0.23800004,0.67500985,-0.60736465,0.44102022
-0.07748968,0.28548425,0.9305577,0.14804752,0.24174619,0.6746827,-0.6053131,0.43810833
-0.0926628,0.27941805,0.92114985,0.13465671,0.2343487,0.6743789,-0.60102636,0.44334787
-0.06303668,0.29562315,0.9413842,0.14035957,0.21525964,0.68982154,-0.6128932,0.40485638
-0.080257595,0.29554358,0.94970024,0.12831195,0.24284138,0.67500716,-0.6065245,0.43164334
-0.06303668,0.29562315,0.9413842,0.14035957,0.21525964,0.68982154,-0.6128932,0.40485638
-0.09012523,0.27854103,0.9188905,0.14805518,0.24282116,0.67517614,-0.6016021,0.44363007
-0.07632862,0.30480924,0.92651635,0.13695496,0.21831475,0.68852526,-0.6221019,0.41205075
-0.08099263,0.27870142,0.9377541,0.12502737,0.22670387,0.67267084,-0.5971525,0.43867615
-0.043220647,0.30902395,1.0043786,0.15037939,0.25231257,0.6838999,-0.6143478,0.40718144
-0.08614227,0.28470463,0.93062276,0.12460276,0.22727771,0.67345196,-0.60306853,0.439455
-0.06303668,0.29562315,0.9413842,0.14035957,0.21525964,0.68982154,-0.6128932,0.40485638
-0.062253002,0.2502788,0.9465303,0.18404211,0.25943223,0.6735355,-0.5950432,0.44171622
-0.07166953,0.30351776,0.9639315,0.117200516,0.23718585,0.674185,-0.60948306,0.4257997
-0.08789729,0.25217393,0.91994536,0.14722228,0.25034377,0.66628313,-0.59882915,0.45640492
-0.017203826,0.3275729,0.9927651,0.10394561,0.1742497,0.696409,-0.62897307,0.36362386
-0.103825614,0.2539097,0.89981335,0.16174781,0.25832936,0.6711973,-0.59782135,0.45945722
-0.06766097,0.25039107,0.95254314,0.14882189,0.26343656,0.6598775,-0.6161848,0.45220223
-0.095987335,0.30824977,0.91616637,0.092919245,0.19861434,0.68550617,-0.5923926,0.4173331
-0.089790456,0.2834166,0.9275282,0.15276349,0.25495026,0.6765024,-0.602824,0.44022232
-0.088640645,0.29305097,0.946107,0.119583406,0.23894237,0.6748685,-0.60430944,0.43396732
-0.0926628,0.27941805,0.92114985,0.13465671,0.2343487,0.6743789,-0.60102636,0.44334787
-0.08735498,0.24906164,0.91071373,0.1628002,0.26287657,0.65890944,-0.6013725,0.45168775
-0.06303668,0.29562315,0.9413842,0.14035957,0.21525964,0.68982154,-0.6128932,0.40485638
-0.08614227,0.28470463,0.93062264,0.12460276,0.22727774,0.67345196,-0.60306853,0.43945494
-0.07089546,0.29329342,0.974138,0.15013477,0.253169,0.6838078,-0.60633427,0.4210478
-0.06303668,0.29562315,0.9413843,0.14035958,0.21525964,0.6898216,-0.6128932,0.40485638
-0.09894903,0.26189476,0.897187,0.15700273,0.25351247,0.66985065,-0.59061146,0.4478315
-0.07051037,0.2988671,0.9511047,0.12160484,0.22685355,0.677674,-0.6100198,0.41883105
-0.06899763,0.2680222,0.9207059,0.14320639,0.25012976,0.66155916,-0.5979936,0.44088304
-0.071135744,0.2656768,0.94575256,0.17354345,0.246618,0.68224883,-0.59413433,0.4340781
-0.08117722,0.28274164,0.9443506,0.16949415,0.26279628,0.68220294,-0.6033873,0.4326916
-0.09741803,0.29098743,0.9300121,0.12902983,0.24333687,0.67595094,-0.60635716,0.438938
-0.06303668,0.29562315,0.9413843,0.14035957,0.21525964,0.6898216,-0.6128932,0.40485638
-0.106770866,0.28132325,0.8963467,0.14667499,0.24652942,0.6680201,-0.60226023,0.43672508
-0.09412361,0.2744503,0.92946506,0.13718382,0.24963814,0.67114395,-0.60331684,0.44530377
-0.08492736,0.266486,0.9262565,0.13435332,0.24082689,0.6687754,-0.6025655,0.45013914
-0.088640645,0.29305094,0.946107,0.119583406,0.23894237,0.6748685,-0.60430944,0.43396732
-0.10017151,0.2733437,0.89583844,0.148664,0.24871421,0.6700844,-0.59943056,0.44575563
-0.054989368,0.2696275,0.9467749,0.13943335,0.22607261,0.6727746,-0.6188422,0.42189243
-0.092930816,0.29636034,0.92937684,0.13478845,0.24558383,0.6763371,-0.61139894,0.43735898
-0.068825126,0.25341225,0.93891287,0.14185011,0.24595486,0.6587464,-0.6074886,0.4518528
-0.0926628,0.27941805,0.92114985,0.13465671,0.2343487,0.6743789,-0.60102636,0.44334787
-0.08468136,0.2705142,0.93901664,0.12992561,0.25135332,0.67021316,-0.6021301,0.44770133
-0.08583303,0.28717473,0.9233616,0.098154634,0.20880473,0.67326045,-0.599417,0.42855054
-0.017203826,0.3275729,0.9927651,0.10394561,0.1742497,0.696409,-0.62897307,0.36362386
-0.1026502,0.26849318,0.90366626,0.15208448,0.26012537,0.66919535,-0.6005263,0.44856715
-0.0716259,0.26264125,0.9571788,0.1546753,0.2609496,0.6684024,-0.61013305,0.44130662
-0.017203826,0.3275729,0.9927651,0.10394561,0.1742497,0.696409,-0.62897307,0.36362386
-0.07730655,0.28803104,0.93568337,0.13361663,0.23237395,0.6737102,-0.60554945,0.43653008
-0.061997928,0.28670317,0.92682153,0.11741371,0.22994186,0.6593084,-0.5951629,0.4247533
-0.07985962,0.2696089,0.9315254,0.14247164,0.25607178,0.66350096,-0.61698645,0.45081118
-0.08583303,0.2871747,0.92336154,0.09815464,0.20880473,0.6732604,-0.599417,0.42855057
-0.09225841,0.25834766,0.9154183,0.16997083,0.26725948,0.67214876,-0.5971109,0.45294136
-0.07701353,0.29210585,0.94388455,0.110527195,0.21737838,0.6721543,-0.6059276,0.43400496
-0.05498937,0.2696275,0.9467748,0.13943335,0.22607261,0.6727746,-0.6188422,0.42189243
-0.08583303,0.28717473,0.92336154,0.09815464,0.20880473,0.67326045,-0.599417,0.42855057
-0.08614227,0.28470463,0.93062276,0.12460276,0.22727774,0.67345196,-0.60306853,0.439455
-0.07184974,0.2828053,0.9426423,0.134757,0.23227261,0.6730158,-0.60033315,0.4355724
-0.072122805,0.26001808,0.94444966,0.15931125,0.26554534,0.6666878,-0.6126011,0.4481688
-0.08583303,0.2871747,0.92336154,0.09815463,0.20880473,0.67326045,-0.599417,0.42855057
-0.09439335,0.28700396,0.9352011,0.12963635,0.24398664,0.67554474,-0.60223794,0.43833238
-0.10009368,0.27621502,0.90593475,0.15530874,0.24857488,0.67635447,-0.60229427,0.44802523
-0.084316224,0.2620598,0.9199603,0.11997143,0.23302794,0.6670889,-0.5999635,0.44643092
-0.086809956,0.24849166,0.91959363,0.15964012,0.26633197,0.6634443,-0.6049936,0.4597622
-0.06303668,0.29562315,0.9413842,0.14035957,0.21525964,0.68982154,-0.6128932,0.40485638
-0.09033331,0.30890343,0.94423985,0.10803746,0.23229861,0.6751922,-0.6165205,0.43109307
-0.10439974,0.26990214,0.9040988,0.15275386,0.24707644,0.67604727,-0.5973504,0.45035505
-0.05498937,0.2696275,0.9467749,0.13943337,0.22607261,0.6727746,-0.6188422,0.42189243
-0.088640645,0.29305094,0.946107,0.119583406,0.23894237,0.6748685,-0.60430944,0.43396732
-0.09250833,0.29717156,0.9393977,0.1196083,0.23856007,0.67538106,-0.60886914,0.43497127
-0.08583303,0.2871747,0.9233616,0.098154634,0.20880473,0.67326045,-0.599417,0.42855057
-0.09170833,0.2849113,0.93072534,0.14312717,0.2503821,0.67610335,-0.60257983,0.43943483
-0.017203826,0.3275729,0.9927651,0.10394561,0.1742497,0.696409,-0.62897307,0.36362386
-0.08669864,0.28956294,0.93902683,0.13664551,0.24708302,0.6756238,-0.6043056,0.43602604
-0.05288054,0.2915126,0.9294475,0.12879081,0.24115613,0.6613601,-0.59640837,0.40920946
-0.078999214,0.30388352,0.93381625,0.12207068,0.2257302,0.6740339,-0.61776054,0.43365586
-0.080257595,0.29554358,0.9497003,0.12831195,0.24284138,0.67500716,-0.6065245,0.4316433
-0.08010198,0.294546,0.92614746,0.10880062,0.21858037,0.6809888,-0.60270303,0.40650055
-0.104060955,0.27660906,0.9040779,0.1488221,0.2575868,0.6720603,-0.599357,0.4440537
-0.101236686,0.28617752,0.9227122,0.13635768,0.2470522,0.6763942,-0.6044034,0.44202322
-0.08583303,0.28717473,0.92336154,0.09815463,0.20880473,0.67326045,-0.599417,0.42855054
-0.08583303,0.2871747,0.92336154,0.098154634,0.20880471,0.67326045,-0.599417,0.42855057
-0.097553186,0.2754531,0.9140453,0.14219719,0.23965193,0.67507404,-0.5994947,0.44626752
-0.077566355,0.2924569,0.9124945,0.12889247,0.23356438,0.6687277,-0.589646,0.42488536
-0.088640645,0.29305097,0.946107,0.119583406,0.23894237,0.67486846,-0.60430944,0.43396732
-0.076492116,0.26776114,0.9141261,0.1378922,0.24478725,0.6599808,-0.5969045,0.44038627
-0.08583303,0.2871747,0.92336154,0.098154634,0.20880473,0.67326045,-0.599417,0.4285506
-0.054989368,0.2696275,0.9467749,0.13943335,0.22607261,0.6727746,-0.6188422,0.42189243
-0.08614227,0.28470463,0.93062276,0.12460276,0.22727774,0.67345196,-0.60306853,0.439455
-0.084570475,0.28265336,0.92616737,0.14179847,0.23829404,0.6745409,-0.6033126,0.44055346
-0.0926628,0.27941805,0.92114985,0.13465671,0.2343487,0.6743789,-0.60102636,0.44334787
-0.103942595,0.29479393,0.9046435,0.11559954,0.21598329,0.68426937,-0.5915884,0.4283047
-0.083774,0.2837039,0.91926646,0.12881647,0.22886504,0.6747976,-0.60074574,0.43302238
-0.08583303,0.2871747,0.92336154,0.09815463,0.20880473,0.67326045,-0.599417,0.42855057
-0.088640645,0.29305097,0.946107,0.119583406,0.23894237,0.6748685,-0.60430944,0.43396732
-0.07730655,0.28803104,0.93568337,0.13361661,0.23237395,0.6737102,-0.60554945,0.43653008
-0.07701354,0.29210585,0.94388455,0.110527195,0.21737838,0.6721543,-0.6059276,0.43400496
-0.08791191,0.24610052,0.91478115,0.15950744,0.25935608,0.6640413,-0.6014385,0.4601347
-0.08614227,0.28470466,0.93062264,0.12460276,0.22727774,0.67345196,-0.60306853,0.439455
-0.109141976,0.29343498,0.88253546,0.1474327,0.24090785,0.6704025,-0.61644745,0.44021133
-0.080257595,0.29554358,0.9497003,0.12831195,0.24284138,0.67500716,-0.6065245,0.43164334
-0.05695064,0.3002538,0.96555346,0.1459761,0.22566345,0.6835095,-0.6183437,0.41941816
-0.097553186,0.2754531,0.9140453,0.14219719,0.23965193,0.67507404,-0.5994947,0.44626752
-0.0926628,0.27941805,0.92114985,0.13465671,0.2343487,0.6743789,-0.60102636,0.44334787
-0.10869075,0.257286,0.89570385,0.17436053,0.26838702,0.6748374,-0.59654295,0.45797783
-0.074756354,0.2850432,0.9343783,0.17029482,0.24835593,0.6817615,-0.60990167,0.4336816
-0.08614227,0.28470463,0.93062264,0.12460276,0.22727771,0.67345196,-0.60306853,0.439455
-0.09879248,0.28237978,0.92686135,0.1373239,0.24784406,0.67606187,-0.6006539,0.44167033
-0.11818827,0.29063368,0.8831282,0.14624175,0.24833433,0.67652017,-0.6215934,0.454024
-0.09412361,0.27445027,0.92946506,0.13718382,0.24963814,0.67114395,-0.60331684,0.4453038
-0.09785379,0.23736528,0.9036232,0.1759782,0.2737179,0.66369474,-0.6040396,0.46622568
-0.088640645,0.29305094,0.94610703,0.119583406,0.23894237,0.6748685,-0.60430944,0.43396732
-0.07808475,0.29903805,0.9619419,0.14711449,0.25121114,0.6836314,-0.61251533,0.4237453
-0.08267933,0.2819304,0.919364,0.15596555,0.23283532,0.68699837,-0.6060018,0.4225275
-0.101628065,0.2669323,0.90227956,0.16042653,0.25392157,0.6735963,-0.6020057,0.45297962
-0.10013107,0.27782112,0.8915832,0.1666622,0.2577284,0.67538697,-0.597517,0.44438022
-0.08614227,0.28470463,0.93062276,0.12460276,0.22727774,0.67345196,-0.60306853,0.439455
-0.09268258,0.2674646,0.91755605,0.1417622,0.24203342,0.669925,-0.6023825,0.44984427
-0.09400625,0.2668767,0.9232686,0.14102873,0.2544771,0.668766,-0.6057424,0.45183733
-0.08870363,0.28103906,0.9353458,0.14449161,0.25136983,0.67575395,-0.598723,0.43892968
-0.017203826,0.3275729,0.9927651,0.10394561,0.1742497,0.696409,-0.62897307,0.36362386
-0.10507695,0.2757738,0.91494733,0.1483061,0.2533546,0.6768006,-0.5983909,0.44643894
-0.078301005,0.2741831,0.936395,0.16818228,0.24531522,0.6822284,-0.60153544,0.43547255
-0.0856009,0.22231647,0.9105185,0.16735299,0.27128726,0.65133935,-0.60959846,0.4735292
-0.069557875,0.27898517,0.93257624,0.16081378,0.25184202,0.67123634,-0.6086564,0.44062284
-0.082959324,0.2854845,0.9448169,0.13775975,0.24798255,0.67519575,-0.6000497,0.4352263
-0.04314909,0.2781647,0.9679292,0.15280749,0.24455214,0.672048,-0.61904067,0.43327147
-0.08583303,0.2871747,0.92336154,0.098154634,0.20880473,0.67326045,-0.599417,0.42855057
-0.08310349,0.26891455,0.9277856,0.15180494,0.24405195,0.6742604,-0.5927297,0.44304445
-0.09741803,0.29098743,0.93001217,0.12902983,0.24333687,0.6759509,-0.60635716,0.43893796
-0.08099263,0.27870142,0.9377542,0.12502737,0.22670387,0.67267084,-0.5971525,0.43867615
-0.071616985,0.25766963,0.9334348,0.10548417,0.22307126,0.65611637,-0.609251,0.44425502
-0.077935226,0.270783,0.9289578,0.1022266,0.21673056,0.663736,-0.60488033,0.43727526
-0.05695064,0.3002538,0.96555346,0.1459761,0.22566345,0.6835095,-0.6183437,0.41941816
-0.08290064,0.26647952,0.9403195,0.13021149,0.25068253,0.66554517,-0.60604644,0.44874525
-0.092496544,0.29414743,0.89893216,0.1360334,0.23896885,0.6717938,-0.59934926,0.43300495
-0.08290064,0.26647952,0.9403195,0.13021149,0.25068253,0.6655452,-0.60604644,0.44874525
-0.072838426,0.27743235,0.93840086,0.13370131,0.23578563,0.6675553,-0.60862356,0.44156885
-0.088640645,0.29305094,0.94610703,0.119583406,0.23894237,0.6748685,-0.60430944,0.43396732
-0.06672244,0.3014086,0.92213076,0.11567484,0.22492233,0.6664852,-0.5898205,0.4165214
-0.11244496,0.26802883,0.90097934,0.16118178,0.25981525,0.67766684,-0.5957378,0.45202962
-0.075613886,0.27217853,0.9375506,0.14516257,0.23901771,0.6733866,-0.5933384,0.43940437
-0.088939734,0.25238922,0.92534935,0.14551133,0.25896958,0.6628667,-0.60533273,0.4573766
-0.09305095,0.28255203,0.915184,0.14649278,0.24230832,0.6755577,-0.60529894,0.44387412
-0.08583303,0.2871747,0.92336154,0.09815463,0.20880473,0.67326045,-0.599417,0.42855057
-0.08683379,0.2740286,0.92306,0.14981289,0.24339809,0.6747468,-0.59744316,0.4433556
-0.10845023,0.27148604,0.8983817,0.15499869,0.2490725,0.67664653,-0.5996826,0.45167542
-0.09263222,0.2978915,0.92670405,0.12367552,0.22247232,0.6812621,-0.5989304,0.43330792
-0.08941582,0.2777943,0.9376091,0.12995923,0.24624607,0.6700444,-0.6051348,0.44262865
-0.088640645,0.29305097,0.946107,0.119583406,0.23894237,0.6748685,-0.60430944,0.43396732
-0.08079603,0.30129683,0.96097857,0.10587482,0.23206379,0.6739463,-0.6071342,0.42801502
-0.10609901,0.2627442,0.89788276,0.16917042,0.25770223,0.67697275,-0.59372747,0.45336264
-0.100347325,0.2414383,0.8933625,0.16754399,0.26798347,0.66234374,-0.6021851,0.46563423
-0.06303668,0.29562315,0.9413843,0.14035957,0.21525964,0.6898216,-0.6128932,0.40485638
-0.08614227,0.28470463,0.93062264,0.12460276,0.22727774,0.67345196,-0.60306853,0.439455
-0.08614227,0.28470463,0.93062264,0.12460276,0.22727774,0.67345196,-0.60306853,0.439455
-0.09898002,0.26572186,0.9207356,0.14901422,0.25557116,0.6723004,-0.59745955,0.44925082
-0.08880699,0.27393177,0.92645556,0.1357894,0.23440705,0.67378926,-0.59586334,0.44298828
-0.083362944,0.2820937,0.94807994,0.12067045,0.2418849,0.6686307,-0.6074721,0.43918917
-0.087694846,0.28806943,0.9013366,0.1257229,0.21872863,0.6577715,-0.6041887,0.42268437
-0.07701354,0.29210585,0.94388455,0.110527195,0.21737838,0.6721543,-0.6059276,0.43400496
-0.08614227,0.28470463,0.93062264,0.12460276,0.22727774,0.67345196,-0.60306853,0.439455
-0.07730655,0.28803104,0.93568337,0.13361661,0.23237395,0.6737102,-0.60554945,0.43653008
-0.07701354,0.29210585,0.94388455,0.110527195,0.21737838,0.6721543,-0.6059276,0.43400496
-0.08583303,0.2871747,0.9233616,0.09815463,0.20880473,0.67326045,-0.599417,0.42855057
-0.0926628,0.27941805,0.92114985,0.13465671,0.2343487,0.6743789,-0.60102636,0.44334787
